################





# ---------------------------------------------------------------------------- #
#                             vendorProductFamilies                            #
# ---------------------------------------------------------------------------- #

INSERT INTO `vendorProductFamilies` (`id`, `name`, `productFamilyId`, `vendorData`, `active`, `vendorId`, `createdAt`, `updatedAt`) VALUES
(1, 'Servers', '90bedbeb-782d-7b46-9f4f-721cc5d647d6', NULL, 1, 'msft',  now(), now()),
(2, 'Windows Servers', '7ff57180-2b05-67aa-2c03-ab46c7848b89', NULL, 1, 'msft',   now(), now()),
(3, 'SQL Server', '7aa8b5ba-4d1a-644d-aeca-bc4decdb15de', NULL, 1, 'msft',  now(), now()),
(4, 'Dynamics', '7aa8b5ba-4d1a-644d-aeca-bc4decdb15de', NULL, 0, 'msft', now(), now());

# ---------------------------------------------------------------------------- #
#                                vendorProducts                                #
# ---------------------------------------------------------------------------- #
INSERT INTO `vendorProducts` (`id`, `name`, `productUrl`, `productId`, `vendorData`, `active`, `vendorProductFamilyId`, `vendorId`, `createdAt`, `updatedAt`) VALUES
(1, 'SharePoint Server', '', '7e8c8a3f-52e8-b7f0-ab6d-0c9dfc6273b8', '{\"productFamilyName\": \"Servers\"}', 0, 1, 'msft', now(), now()),
(2, 'Office Online Server', '', '63f5ad6b-0eff-3e0a-5792-1c675509fb3f', '{\"productFamilyName\": \"Servers\"}', 0, 1, 'msft', now(), now()),
(3, 'Office Web Apps Server 2013', '', '790658a9-9281-d950-5a84-03310ac92ad8', '{\"productFamilyName\": \"Servers\"}', 0, 1, 'msft', now(), now()),
(4, 'Groove Server 2010', '', '8febb566-881e-1d4c-98b4-3d36520d3e96', '{\"productFamilyName\": \"Servers\"}', 0, 1, 'msft', now(), now()),
(5, 'Lync 2010 Attendee', '', '4398dd2d-166d-74fa-7fa1-8c5b9c3c8675', '{\"productFamilyName\": \"Servers\"}', 0, 1, 'msft', now(), now()),
(6, 'Project Server', '', '86721ea3-fecf-960a-a4a8-8847d2ffc6bf', '{\"productFamilyName\": \"Servers\"}', 0, 1, 'msft', now(), now()),
(7, 'SharePoint Foundation', '', 'caa96fd1-18a1-8953-1c17-a9fa6b22cfc6', '{\"productFamilyName\": \"Servers\"}', 0, 1, 'msft', now(), now()),
(8, 'BizTalk Server', '', '369c8184-0724-fbc0-5625-7ccc47cf50b8', '{\"productFamilyName\": \"Servers\"}', 0, 1, 'msft', now(), now()),
(9, 'Host Integration Server', '', '89885673-e295-9981-400e-78c927287f03', '{\"productFamilyName\": \"Servers\"}', 0, 1, 'msft', now(), now()),
(10, 'Commerce Server 2009', '', '2ee953aa-5a6b-7b56-02f1-2bf8ccb00441', '{\"productFamilyName\": \"Servers\"}', 0, 1, 'msft', now(), now()),
(11, 'Analysis Cubes', '', '995e824d-9979-3c38-933b-ecb7bcf1d781', '{\"productFamilyName\": \"Servers\"}', 0, 1, 'msft', now(), now()),
(12, 'Duet', '', '799de79a-ef1f-58c1-dfc7-2093d0ac485a', '{\"productFamilyName\": \"Servers\"}', 0, 1, 'msft', now(), now()),
(13, 'Exchange Server', '', '8eb26f45-e503-3356-b9fd-0a373393a40b', '{\"productFamilyName\": \"Servers\"}', 0, 1, 'msft', now(), now()),
(14, 'SharePoint Services 3.0', '', 'aea00813-1137-5b7b-6536-30a95adc24f2', '{\"productFamilyName\": \"Servers\"}', 0, 1, 'msft', now(), now()),
(15, 'Lync Server', '', 'a569dbf6-655f-0538-18f3-c0698fa725be', '{\"productFamilyName\": \"Servers\"}', 0, 1, 'msft', now(), now()),
(16, 'FAST Search Server', '', 'a65b56c3-f81a-30b1-70d8-af960cf9fb4f', '{\"productFamilyName\": \"Servers\"}', 0, 1, 'msft', now(), now()),
(17, 'Forefront Identity Manager 2010', '', '1bfce146-23ac-cc32-654b-9b66958e5fc8', '{\"productFamilyName\": \"Servers\"}', 0, 1, 'msft', now(), now()),
(18, 'Internet Information Services', '', '8d2f2333-902d-d580-9385-5ea5fc909f96', '{\"productFamilyName\": \"Servers\"}', 0, 1, 'msft', now(), now()),
(19, 'Lync 2010 Attendant', '', '97e01918-2d1f-ae7c-b133-5a3b1d5a2b1b', '{\"productFamilyName\": \"Servers\"}', 0, 1, 'msft', now(), now()),
(20, 'Lync Phone Edition', '', '81c8a5a0-c793-de23-94cc-5e41d6d6f391', '{\"productFamilyName\": \"Servers\"}', 0, 1, 'msft', now(), now()),
(21, 'Lync 2010 Group Chat', '', 'c4de6095-9705-6fd3-f775-f583883ad3a1', '{\"productFamilyName\": \"Servers\"}', 0, 1, 'msft', now(), now()),
(22, 'Lync 2010 Software Development Kit', '', '4afeeeef-e273-32da-029c-3457a629a8ba', '{\"productFamilyName\": \"Servers\"}', 0, 1, 'msft', now(), now()),
(23, 'Microsoft Analytics Platform System', '', '42966e17-3449-16a3-edd3-a79e06a00f01', '{\"productFamilyName\": \"Servers\"}', 0, 1, 'msft', now(), now()),
(24, 'Office Communications Server 2007', '', 'f322398d-6ac9-7c5b-0a9b-65807a5198f7', '{\"productFamilyName\": \"Servers\"}', 0, 1, 'msft', now(), now()),
(25, 'Search Server', '', '70085956-8181-7ee5-5384-be27441e3d97', '{\"productFamilyName\": \"Servers\"}', 0, 1, 'msft', now(), now()),
(26, 'Windows Server Update Services', '', 'e6a9ca85-36ac-f8f0-a5a2-7611aeab7a06', '{\"productFamilyName\": \"Servers\"}', 0, 1, 'msft', now(), now()),
(27, 'Windows Server 2008', '', '4d83ba0e-5ad3-1b00-4303-1863823d2178', '{\"productFamilyName\": \"Windows Servers\"}', 0, 2, 'msft', now(), now()),
(28, 'Windows Server version 1803', '', '166eae62-79ed-7992-9a28-2ba72b5774f6', '{\"productFamilyName\": \"Windows Servers\"}', 0, 2, 'msft', now(), now()),
(29, 'Windows Server version 1709', '', '7d11876b-6553-b97d-2328-26f82da77ea3', '{\"productFamilyName\": \"Windows Servers\"}', 0, 2, 'msft', now(), now()),
(30, 'Windows Server 2016', '', 'c3a1be8a-50db-47b7-d5eb-259debc3abcc', '{\"productFamilyName\": \"Windows Servers\"}', 0, 2, 'msft', now(), now()),
(31, 'Microsoft Windows Server 2003', '', '61fd1dce-2383-f1ce-05a7-bfc152a7b39a', '{\"productFamilyName\": \"Windows Servers\"}', 0, 2, 'msft', now(), now()),
(32, 'Windows Server 2008 R2', '', 'f08822eb-e7c5-9e48-e44c-760a079f84c0', '{\"productFamilyName\": \"Windows Servers\"}', 0, 2, 'msft', now(), now()),
(33, 'Windows HPC', '', '376ca9ac-5b4b-47c6-ca82-c44767893037', '{\"productFamilyName\": \"Windows Servers\"}', 0, 2, 'msft', now(), now()),
(34, 'Windows Server 2012', '', '0cfbf2af-24ea-3e18-17e6-02df7331b571', '{\"productFamilyName\": \"Windows Servers\"}', 0, 2, 'msft', now(), now()),
(35, 'Windows Server 2012 R2', '', '3ec8448d-ebc8-8fc0-e0b7-9e8ef6c79918', '{\"productFamilyName\": \"Windows Servers\"}', 0, 2, 'msft', now(), now()),
(36, 'Windows Server 2019', '', 'eb958e25-cff9-2d06-53ca-f656481bb31f', '{\"productFamilyName\": \"Windows Servers\"}', 0, 2, 'msft', now(), now()),
(37, 'Hyper-V Server', '', '57b3a1b0-24a8-0c72-ee67-cf728153ed50', '{\"productFamilyName\": \"Windows Servers\"}', 0, 2, 'msft', now(), now()),
(38, 'Hyper-V Servers', '', '104632a9-e773-e491-6681-75f47bc72fef', '{\"productFamilyName\": \"Windows Servers\"}', 0, 2, 'msft', now(), now()),
(39, 'Windows Small Business Server', '', 'b4f8e77c-c047-1880-1b5a-98fece1e286a', '{\"productFamilyName\": \"Windows Servers\"}', 0, 2, 'msft', now(), now()),
(40, 'Windows Server version 1809', '', '70f4366f-ada3-c05a-35e6-82a25ad1b1d1', '{\"productFamilyName\": \"Windows Servers\"}', 0, 2, 'msft', now(), now()),
(41, 'Windows Server version 2004', '', 'e133d67b-d071-4a8f-9d7c-a0f5608cd9a6', '{\"productFamilyName\": \"Windows Servers\"}', 0, 2, 'msft', now(), now()),
(42, 'Windows Server version 1909', '', 'e89722c2-7df6-4257-f51f-d2daef5a24ce', '{\"productFamilyName\": \"Windows Servers\"}', 0, 2, 'msft', now(), now()),
(43, 'Windows Server version 1903', '', '116d96d7-680c-89b4-ecd6-627d52c822bc', '{\"productFamilyName\": \"Windows Servers\"}', 0, 2, 'msft', now(), now()),
(44, 'Windows Server version 20H2', '', 'a5b7b703-67e1-4a8f-05b9-f4c9a801279a', '{\"productFamilyName\": \"Windows Servers\"}', 0, 2, 'msft', now(), now()),
(45, 'Windows Server Technical Preview', '', '6f2f42e0-a296-bfb7-0072-d0eb101bda20', '{\"productFamilyName\": \"Windows Servers\"}', 0, 2, 'msft', now(), now()),
(46, 'Windows Storage Server 2012', '', 'aa160df9-030d-7680-00c5-7aa62c9e742c', '{\"productFamilyName\": \"Windows Servers\"}', 0, 2, 'msft', now(), now()),
(47, 'Windows MultiPoint Server', '', 'c60f0c2e-6f42-0e6e-aa76-edc71044f36c', '{\"productFamilyName\": \"Windows Servers\"}', 0, 2, 'msft', now(), now()),
(48, 'Windows Server 2003', '', 'ae069acb-3a26-7c80-1d38-8e1fb1a3bca3', '{\"productFamilyName\": \"Windows Servers\"}', 0, 2, 'msft', now(), now()),
(49, 'Windows Storage Server 2008 R2', '', '51cf152a-d287-2d87-fcf2-ea383e2945ad', '{\"productFamilyName\": \"Windows Servers\"}', 0, 2, 'msft', now(), now()),
(50, 'Windows Server Containers', '', '5053670b-db2b-4046-8c25-f6ae7e361963', '{\"productFamilyName\": \"Windows Servers\"}', 0, 2, 'msft', now(), now()),
(51, 'SQL Server 2019', '', '8a4d2fb9-5511-724d-ad71-597ab0f9f032', '{\"productFamilyName\": \"SQL Server\"}', 0, 3, 'msft', now(), now()),
(52, 'SQL Server 2017 on Windows', '', 'cb54dbc0-87de-5eaa-8ca9-f35997ca84eb', '{\"productFamilyName\": \"SQL Server\"}', 0, 3, 'msft', now(), now()),
(53, 'SQL Server 2016', '', 'd201c5bd-9aab-36d1-0e57-5dadf52a6dad', '{\"productFamilyName\": \"SQL Server\"}', 0, 3, 'msft', now(), now()),
(54, 'SQL Server 2008 R2', '', '37b3fc1f-acbf-4eb3-19a5-ecc7176f451f', '{\"productFamilyName\": \"SQL Server\"}', 0, 3, 'msft', now(), now()),
(55, 'Microsoft SQL Server', '', 'c087c975-401e-75dc-581d-ed3c013d223c', '{\"productFamilyName\": \"SQL Server\"}', 0, 3, 'msft', now(), now()),
(56, 'SQL Server 2008', '', '1bd783e3-ced6-b80a-fa91-dc95ef9055fa', '{\"productFamilyName\": \"SQL Server\"}', 0, 3, 'msft', now(), now()),
(57, 'SQL Server 2012', '', '46e07963-fb26-21dd-71e5-72eaa8770f73', '{\"productFamilyName\": \"SQL Server\"}', 0, 3, 'msft', now(), now()),
(58, 'SQL Server 2010', '', '825444f0-c496-e3db-8edd-71ebe9ee2f5a', '{\"productFamilyName\": \"SQL Server\"}', 0, 3, 'msft', now(), now()),
(59, 'Microsoft SQL Server 2005', '', 'd0315c93-9699-5c0d-8fde-8411c15c8472', '{\"productFamilyName\": \"SQL Server\"}', 0, 3, 'msft', now(), now()),
(60, 'SQL Server 2014', '', 'f1ed6e00-d499-182c-117c-a4d297fee6f7', '{\"productFamilyName\": \"SQL Server\"}', 0, 3, 'msft', now(), now()),
(61, 'SQL Server 2019 on Windows', '', 'b156a343-565e-04e7-12c0-4f9ec6439c4a', '{\"productFamilyName\": \"SQL Server\"}', 0, 3, 'msft', now(), now()),
(62, 'SQL Server 2017 on Linux', '', '708afb1e-5627-aaaa-777a-74bfd26c8673', '{\"productFamilyName\": \"SQL Server\"}', 0, 3, 'msft', now(), now()),
(63, 'SQL Server 2019 on Linux', '', 'adb4217a-3eba-3a96-62ad-9da19012487e', '{\"productFamilyName\": \"SQL Server\"}', 0, 3, 'msft', now(), now()),
(64, 'SQL Server Compact', '', 'd2bc673b-e37a-a9b6-7050-5dd21f5b1027', '{\"productFamilyName\": \"SQL Server\"}', 0, 3, 'msft', now(), now());

# ---------------------------------------------------------------------------- #
#                                vendorProductVersion                          #
# ---------------------------------------------------------------------------- #
INSERT INTO `vendorProductVersions` (`id`, `name`, `productUrl`, `snCiFilter`, `snCiTable`, `productVersionId`, `vendorData`, `active`, `vendorProductId`, `vendorId`, `createdAt`, `updatedAt`) VALUES
(1, 'SharePoint Server', '', 'versionISNOTEMPTY', 'cmdb_ci_appl_sharepoint', '7e8c8a3f-52e8-b7f0-ab6d-0c9dfc6273b8', '{\"generic\": 1, \"vendorProductName\": \"SharePoint Server\"}', 1, 1, 'msft', now(), now()),
(2, 'SharePoint Server 2019', '', 'versionSTARTSWITH16.0.10', 'cmdb_ci_appl_sharepoint', '53e9a703-5a61-6cc6-9748-ca604eac9950', '{\"generic\": 0, \"vendorProductName\": \"SharePoint Server\"}', 1, 1, 'msft', now(), now()),
(3, 'SharePoint Server 2016', '', 'versionSTARTSWITH16.0.4^ORversionSTARTSWITH16.0.5', 'cmdb_ci_appl_sharepoint', 'c7a88f21-6e27-d9a4-0132-8125c932750a', '{\"generic\": 0, \"vendorProductName\": \"SharePoint Server\"}', 1, 1, 'msft', now(), now()),
(4, 'Microsoft SharePoint Server 2013 Service Pack 1', '', 'versionSTARTSWITH15.0.456^ORversionSTARTSWITH15.0.457^ORversionSTARTSWITH15.0.46^ORversionSTARTSWITH15.0.47^ORversionSTARTSWITH15.0.48^ORversionSTARTSWITH15.0.49^ORversionSTARTSWITH15.0.5', 'cmdb_ci_appl_sharepoint', 'f59ee1fe-0af0-742c-66e8-e568aeaaaffe', '{\"generic\": 0, \"vendorProductName\": \"SharePoint Server\"}', 1, 1, 'msft', now(), now()),
(5, 'Microsoft SharePoint Server 2010 Service Pack 2', '', 'versionSTARTSWITH14.0.7', 'cmdb_ci_appl_sharepoint', '88ab95bc-9503-f08e-a8e2-6e74cf2a1398', '{\"generic\": 0, \"vendorProductName\": \"SharePoint Server\"}', 1, 1, 'msft', now(), now()),
(6, 'SharePoint Server 2010', '', 'versionSTARTSWITH14.0.4^ORversionSTARTSWITH14.0.5', 'cmdb_ci_appl_sharepoint', 'b62c59c9-668d-87bf-70bc-4e5b6ea7230c', '{\"generic\": 0, \"vendorProductName\": \"SharePoint Server\"}', 1, 1, 'msft', now(), now()),
(7, 'SharePoint Server 2013', '', 'versionSTARTSWITH15.0.44^ORversionSTARTSWITH​15.0.450^ORversionSTARTSWITH15.0.451^ORversionSTARTSWITH15.0.453^ORversionSTARTSWITH15.0.455', 'cmdb_ci_appl_sharepoint', 'ec5cc44f-0832-90c5-8473-795af75c6bcf', '{\"generic\": 0, \"vendorProductName\": \"SharePoint Server\"}', 1, 1, 'msft', now(), now()),
(8, 'SharePoint Workspace 2010', '', '', '', '3ab0a4c3-18f3-e9f9-9038-b18d7384259e', '{\"generic\": 0, \"vendorProductName\": \"SharePoint Server\"}', 0, 1, 'msft', now(), now()),
(9, 'Microsoft SharePoint Server 2007 Service Pack 2', '', 'versionSTARTSWITH12.0.64', 'cmdb_ci_appl_sharepoint', '7de339f6-474d-9418-3c7a-736c5d181af3', '{\"generic\": 0, \"vendorProductName\": \"SharePoint Server\"}', 1, 1, 'msft', now(), now()),
(10, 'Office Online Server', '', '', '', '63f5ad6b-0eff-3e0a-5792-1c675509fb3f', '{\"generic\": 1, \"vendorProductName\": \"Office Online Server\"}', 1, 2, 'msft', now(), now()),
(11, 'Office Web Apps Server 2013', '', '', '', '790658a9-9281-d950-5a84-03310ac92ad8', '{\"generic\": 1, \"vendorProductName\": \"Office Web Apps Server 2013\"}', 1, 3, 'msft', now(), now()),
(12, 'Groove Server 2010', '', '', '', '8febb566-881e-1d4c-98b4-3d36520d3e96', '{\"generic\": 1, \"vendorProductName\": \"Groove Server 2010\"}', 0, 4, 'msft', now(), now()),
(13, 'Groove Server 2010 Service Pack 1', '', '', '', 'd4784cfb-5139-b847-f3d6-076cdfa244ba', '{\"generic\": 0, \"vendorProductName\": \"Groove Server 2010\"}', 0, 4, 'msft', now(), now()),
(14, 'Lync 2010 Attendee', '', '', '', '4398dd2d-166d-74fa-7fa1-8c5b9c3c8675', '{\"generic\": 1, \"vendorProductName\": \"Lync 2010 Attendee\"}', 1, 5, 'msft', now(), now()),
(15, 'Project Server', '', '', '', '86721ea3-fecf-960a-a4a8-8847d2ffc6bf', '{\"generic\": 1, \"vendorProductName\": \"Project Server\"}', 1, 6, 'msft', now(), now()),
(16, 'Project Server 2013', '', '', '', '51bebf3a-2214-62aa-8075-c95a8f383520', '{\"generic\": 0, \"vendorProductName\": \"Project Server\"}', 0, 6, 'msft', now(), now()),
(17, 'Microsoft Project Server 2013 Service Pack 1', '', '', '', '47b50ac2-376e-1c68-3028-7722ea707f17', '{\"generic\": 0, \"vendorProductName\": \"Project Server\"}', 0, 6, 'msft', now(), now()),
(18, 'Microsoft Project Server 2010 Service Pack 2', '', '', '', '7fcab51e-f93e-61b6-e65c-152d6dca7ac7', '{\"generic\": 0, \"vendorProductName\": \"Project Server\"}', 0, 6, 'msft', now(), now()),
(19, 'Project Server 2010', '', '', '', '790755b4-afc7-06a9-2c0b-e3512522c161', '{\"generic\": 0, \"vendorProductName\": \"Project Server\"}', 0, 6, 'msft', now(), now()),
(20, 'Microsoft Project Server 2010 Service Pack 1', '', '', '', '7834de87-caab-725f-22da-6512b2dce38b', '{\"generic\": 0, \"vendorProductName\": \"Project Server\"}', 0, 6, 'msft', now(), now()),
(21, 'SharePoint Foundation', '', 'versionISNOTEMPTY', 'cmdb_ci_appl_sharepoint', 'caa96fd1-18a1-8953-1c17-a9fa6b22cfc6', '{\"generic\": 1, \"vendorProductName\": \"SharePoint Foundation\"}', 1, 7, 'msft', now(), now()),
(22, 'Microsoft SharePoint Foundation 2013 Service Pack 1', '', 'versionSTARTSWITH15.0.456^ORversionSTARTSWITH15.0.457^ORversionSTARTSWITH15.0.46^ORversionSTARTSWITH15.0.47^ORversionSTARTSWITH15.0.48^ORversionSTARTSWITH15.0.49^ORversionSTARTSWITH15.0.5', 'cmdb_ci_appl_sharepoint', '2a996cad-d16f-b19b-eef3-e5126bcafff3', '{\"generic\": 0, \"vendorProductName\": \"SharePoint Foundation\"}', 1, 7, 'msft', now(), now()),
(23, 'Microsoft SharePoint Foundation 2010', '', 'versionSTARTSWITH14.0.4^ORversionSTARTSWITH14.0.5', 'cmdb_ci_appl_sharepoint', '339a873f-6298-fbf4-e2fa-8fe371f6f4b7', '{\"generic\": 0, \"vendorProductName\": \"SharePoint Foundation\"}', 1, 7, 'msft', now(), now()),
(24, 'SharePoint Foundation 2013', '', 'versionSTARTSWITH15.0.44^ORversionSTARTSWITH​15.0.450^ORversionSTARTSWITH15.0.451^ORversionSTARTSWITH15.0.453^ORversionSTARTSWITH15.0.455', 'cmdb_ci_appl_sharepoint', '21526d81-32a0-15d2-349d-2cbadfefb9ea', '{\"generic\": 0, \"vendorProductName\": \"SharePoint Foundation\"}', 1, 7, 'msft', now(), now()),
(25, 'Microsoft SharePoint Foundation 2010 Service Pack 2', '', 'versionSTARTSWITH14.0.7', 'cmdb_ci_appl_sharepoint', '60626855-8cc4-9ca5-8837-6fc859d357ea', '{\"generic\": 0, \"vendorProductName\": \"SharePoint Foundation\"}', 1, 7, 'msft', now(), now()),
(26, 'SharePoint Foundation 2010', '', 'versionSTARTSWITH14.0.4^ORversionSTARTSWITH14.0.5', 'cmdb_ci_appl_sharepoint', '19702962-1f10-b872-8d47-85a3bb8b014d', '{\"generic\": 0, \"vendorProductName\": \"SharePoint Foundation\"}', 1, 7, 'msft', now(), now()),
(27, 'BizTalk Server', '', '', '', '369c8184-0724-fbc0-5625-7ccc47cf50b8', '{\"generic\": 1, \"vendorProductName\": \"BizTalk Server\"}', 0, 8, 'msft', now(), now()),
(28, 'Microsoft BizTalk Server 2002 Enterprise Edition', '', '', '', '58736dac-faf2-0833-0733-3f8a1221dd54', '{\"generic\": 0, \"vendorProductName\": \"BizTalk Server\"}', 0, 8, 'msft', now(), now()),
(29, 'BizTalk Server 2009 Standard', '', '', '', '4cbf4ea1-aee6-cce2-a1af-89e578b7b88c', '{\"generic\": 0, \"vendorProductName\": \"BizTalk Server\"}', 0, 8, 'msft', now(), now()),
(30, 'BizTalk Server 2009 Developer', '', '', '', '4cc7cbb0-511a-2178-d78f-43f07c336634', '{\"generic\": 0, \"vendorProductName\": \"BizTalk Server\"}', 0, 8, 'msft', now(), now()),
(31, 'BizTalk Server 2009 Enterprise', '', '', '', '6fb06177-71ff-b4c6-b050-543002ec90e1', '{\"generic\": 0, \"vendorProductName\": \"BizTalk Server\"}', 0, 8, 'msft', now(), now()),
(32, 'BizTalk Server 2020 Standard', '', '', '', '082f38a2-3cda-a6f2-2205-91a20fae9180', '{\"generic\": 0, \"vendorProductName\": \"BizTalk Server\"}', 0, 8, 'msft', now(), now()),
(33, 'BizTalk Server 2020 Branch', '', '', '', '2e76e17c-40fe-2a32-a9b0-757aef83a6f0', '{\"generic\": 0, \"vendorProductName\": \"BizTalk Server\"}', 0, 8, 'msft', now(), now()),
(34, 'BizTalk Server 2020 Enterprise', '', '', '', '5384f55f-0176-d76a-1ff7-d9e2b7f3f999', '{\"generic\": 0, \"vendorProductName\": \"BizTalk Server\"}', 0, 8, 'msft', now(), now()),
(35, 'BizTalk Server 2020 Developer', '', '', '', 'e8ba00b2-2f88-3ec2-28d4-59b0178ab627', '{\"generic\": 0, \"vendorProductName\": \"BizTalk Server\"}', 0, 8, 'msft', now(), now()),
(36, 'BizTalk Server Enterprise 2010', '', '', '', '4479ca53-d6ec-19e2-4ab9-8e667e988758', '{\"generic\": 0, \"vendorProductName\": \"BizTalk Server\"}', 0, 8, 'msft', now(), now()),
(37, 'BizTalk Server 2009 Branch', '', '', '', '6e9df6fc-b439-d7fb-a557-66a7ce29fbf1', '{\"generic\": 0, \"vendorProductName\": \"BizTalk Server\"}', 0, 8, 'msft', now(), now()),
(38, 'BizTalk Server Branch 2010', '', '', '', 'b13a0ac8-9392-8b5a-37f2-9e8a6a1e57d6', '{\"generic\": 0, \"vendorProductName\": \"BizTalk Server\"}', 0, 8, 'msft', now(), now()),
(39, 'BizTalk Server Standard 2010', '', '', '', 'f30f71f2-a783-9ead-dced-b76f399b95ee', '{\"generic\": 0, \"vendorProductName\": \"BizTalk Server\"}', 0, 8, 'msft', now(), now()),
(40, 'BizTalk Server 2013 Branch', '', '', '', '3a3dd499-252d-a40e-1834-cbd80271e60d', '{\"generic\": 0, \"vendorProductName\": \"BizTalk Server\"}', 0, 8, 'msft', now(), now()),
(41, 'BizTalk Server 2013 Enterprise', '', '', '', '9ccfce8b-0ccc-2e9f-242e-54568cb85882', '{\"generic\": 0, \"vendorProductName\": \"BizTalk Server\"}', 0, 8, 'msft', now(), now()),
(42, 'BizTalk Server 2013 Developer', '', '', '', 'cc6ddd71-c45a-8219-8f93-c45890855431', '{\"generic\": 0, \"vendorProductName\": \"BizTalk Server\"}', 0, 8, 'msft', now(), now()),
(43, 'BizTalk Server 2013 Standard', '', '', '', 'd959030e-f34d-72ed-3021-9690bba612e5', '{\"generic\": 0, \"vendorProductName\": \"BizTalk Server\"}', 0, 8, 'msft', now(), now()),
(44, 'BizTalk Server 2013 R2 Standard', '', '', '', '230cf081-1c24-f408-5db2-7c94994f3d6b', '{\"generic\": 0, \"vendorProductName\": \"BizTalk Server\"}', 0, 8, 'msft', now(), now()),
(45, 'BizTalk Server 2013 R2 Enterprise', '', '', '', '53721b56-c028-214b-6068-44da6eeae2cc', '{\"generic\": 0, \"vendorProductName\": \"BizTalk Server\"}', 0, 8, 'msft', now(), now()),
(46, 'BizTalk Server 2013 R2 Branch', '', '', '', '7abf42c0-4efb-3efc-bd2c-2cba470e6086', '{\"generic\": 0, \"vendorProductName\": \"BizTalk Server\"}', 0, 8, 'msft', now(), now()),
(47, 'BizTalk Server 2013 R2 Developer', '', '', '', 'bf97b9d1-7461-6954-d7b2-a728f1bfaf68', '{\"generic\": 0, \"vendorProductName\": \"BizTalk Server\"}', 0, 8, 'msft', now(), now()),
(48, 'BizTalk Server Developer 2010', '', '', '', '3f7a77a1-80fc-1c82-0231-a033ba352a08', '{\"generic\": 0, \"vendorProductName\": \"BizTalk Server\"}', 0, 8, 'msft', now(), now()),
(49, 'BizTalk Server 2016 Enterprise', '', '', '', '009e4012-6530-9850-88c2-dc74c87a590a', '{\"generic\": 0, \"vendorProductName\": \"BizTalk Server\"}', 0, 8, 'msft', now(), now()),
(50, 'BizTalk Server 2016 Branch', '', '', '', '28ddf2da-3fc5-fb7d-7d7b-b3e88c891e02', '{\"generic\": 0, \"vendorProductName\": \"BizTalk Server\"}', 0, 8, 'msft', now(), now()),
(51, 'BizTalk Server 2016 Developer', '', '', '', '94e1aa29-070f-5c7a-a1d4-85cd6699e54a', '{\"generic\": 0, \"vendorProductName\": \"BizTalk Server\"}', 0, 8, 'msft', now(), now()),
(52, 'BizTalk Server 2016 Standard', '', '', '', 'dcefe147-f3e5-8a59-eb2d-b430103b1583', '{\"generic\": 0, \"vendorProductName\": \"BizTalk Server\"}', 0, 8, 'msft', now(), now()),
(53, 'Microsoft BizTalk Server 2006 R2 Service Pack 1', '', '', '', 'b134a83b-f252-fe62-10c6-342d979a8b05', '{\"generic\": 0, \"vendorProductName\": \"BizTalk Server\"}', 0, 8, 'msft', now(), now()),
(54, 'Host Integration Server', '', '', '', '89885673-e295-9981-400e-78c927287f03', '{\"generic\": 1, \"vendorProductName\": \"Host Integration Server\"}', 1, 9, 'msft', now(), now()),
(55, 'Host Integration Server 2009', '', '', '', '549a7d72-f1f8-6333-d691-5cb407d64bc3', '{\"generic\": 0, \"vendorProductName\": \"Host Integration Server\"}', 0, 9, 'msft', now(), now()),
(56, 'Microsoft Host Integration Server 2010', '', '', '', 'c95cf59f-a4a0-e2be-be48-edb0b956ca2d', '{\"generic\": 0, \"vendorProductName\": \"Host Integration Server\"}', 0, 9, 'msft', now(), now()),
(57, 'Host Integration Server 2013', '', '', '', 'cbf84c02-37b5-1b01-839b-10507c2951ad', '{\"generic\": 0, \"vendorProductName\": \"Host Integration Server\"}', 0, 9, 'msft', now(), now()),
(58, 'Host Integration Server 2016', '', '', '', 'b53ab992-3f7f-1c31-710e-1efee24717ca', '{\"generic\": 0, \"vendorProductName\": \"Host Integration Server\"}', 0, 9, 'msft', now(), now()),
(59, 'Host Integration Server 2010', '', '', '', 'dc34bfce-181f-0f67-cff4-86cb4c8e6bbb', '{\"generic\": 0, \"vendorProductName\": \"Host Integration Server\"}', 0, 9, 'msft', now(), now()),
(60, 'Microsoft OLE DB Provider for DB2 5.0', '', '', '', 'fac92d59-4507-c2af-6bae-f7b085e185ac', '{\"generic\": 0, \"vendorProductName\": \"Host Integration Server\"}', 0, 9, 'msft', now(), now()),
(61, 'Microsoft OLE DB Provider for DB2 4.0', '', '', '', '19e6f1fb-3714-1aef-d11d-719dce2701e7', '{\"generic\": 0, \"vendorProductName\": \"Host Integration Server\"}', 0, 9, 'msft', now(), now()),
(62, 'Microsoft OLE DB Provider for DB2 1.0', '', '', '', '43ba6fef-b731-b16d-8dd5-6212b093e9e3', '{\"generic\": 0, \"vendorProductName\": \"Host Integration Server\"}', 0, 9, 'msft', now(), now()),
(63, 'Commerce Server 2009', '', '', '', '2ee953aa-5a6b-7b56-02f1-2bf8ccb00441', '{\"generic\": 1, \"vendorProductName\": \"Commerce Server 2009\"}', 0, 10, 'msft', now(), now()),
(64, 'Commerce Server 2009 Enterprise', '', '', '', '5f00ff4f-10c4-e38e-9778-71c9702338ea', '{\"generic\": 0, \"vendorProductName\": \"Commerce Server 2009\"}', 0, 10, 'msft', now(), now()),
(65, 'Commerce Server 2009 Standard', '', '', '', '873dd313-d867-add4-28cb-54238aff7e11', '{\"generic\": 0, \"vendorProductName\": \"Commerce Server 2009\"}', 0, 10, 'msft', now(), now()),
(66, 'Commerce Server 2009 R2 Standard', '', '', '', '27bec80e-fbf1-ec50-8278-fd7d2a1b4377', '{\"generic\": 0, \"vendorProductName\": \"Commerce Server 2009\"}', 0, 10, 'msft', now(), now()),
(67, 'Commerce Server 2009 R2 Enterprise', '', '', '', '73e66a36-66cb-49b2-3a28-a39f79c6bebb', '{\"generic\": 0, \"vendorProductName\": \"Commerce Server 2009\"}', 0, 10, 'msft', now(), now()),
(68, 'Analysis Cubes', '', '', '', '995e824d-9979-3c38-933b-ecb7bcf1d781', '{\"generic\": 1, \"vendorProductName\": \"Analysis Cubes\"}', 0, 11, 'msft', now(), now()),
(69, 'Duet', '', '', '', '799de79a-ef1f-58c1-dfc7-2093d0ac485a', '{\"generic\": 1, \"vendorProductName\": \"Duet\"}', 0, 12, 'msft', now(), now()),
(70, 'Duet Enterprise for Microsoft SharePoint and SAP', '', '', '', 'e22bdb9f-5e1a-d26e-a799-10e31ae2c897', '{\"generic\": 0, \"vendorProductName\": \"Duet\"}', 0, 12, 'msft', now(), now()),
(71, 'Duet Enterprise for Microsoft SharePoint and SAP Server 2.0', '', '', '', 'dc106ef6-3e5a-cd16-6e00-d6952c520542', '{\"generic\": 0, \"vendorProductName\": \"Duet\"}', 0, 12, 'msft', now(), now()),
(72, 'Exchange Server', '', 'versionISNOTEMPTY', 'cmdb_ci_exchange_service_component', '8eb26f45-e503-3356-b9fd-0a373393a40b', '{\"generic\": 1, \"vendorProductName\": \"Exchange Server\"}', 0, 13, 'msft', now(), now()),
(73, 'Microsoft Exchange Server 2003 Enterprise Edition', '', 'versionSTARTSWITH6.5.6', 'cmdb_ci_exchange_service_component', '149387f1-712b-89a6-4e8c-8e9b81c2b351', '{\"generic\": 0, \"vendorProductName\": \"Exchange Server\"}', 1, 13, 'msft', now(), now()),
(74, 'Exchange Server 2010 Standard', '', 'versionSTARTSWITH14.0.', 'cmdb_ci_exchange_service_component', '16ff5d5c-e793-75ec-2a74-795e4d99cd5b', '{\"generic\": 0, \"vendorProductName\": \"Exchange Server\"}', 0, 13, 'msft', now(), now()),
(75, 'Exchange Server 2010 Enterprise', '', 'versionSTARTSWITH14.0.', 'cmdb_ci_exchange_service_component', '967edc80-058c-ddaa-79f4-ef436f520eab', '{\"generic\": 0, \"vendorProductName\": \"Exchange Server\"}', 0, 13, 'msft', now(), now()),
(76, 'Microsoft Exchange Server 2003 Standard Edition', '', 'versionSTARTSWITH6.5.6', 'cmdb_ci_exchange_service_component', 'd98b203f-20e9-6732-50a1-1f64616bddc7', '{\"generic\": 0, \"vendorProductName\": \"Exchange Server\"}', 1, 13, 'msft', now(), now()),
(77, 'Exchange Server 2013 Standard Edition', '', 'versionSTARTSWITH15.0.5^ORversionSTARTSWITH15.0.6^ORversionSTARTSWITH15.0.7^ORversionSTARTSWITH15.0.9^ORversionSTARTSWITH15.0.1', 'cmdb_ci_exchange_service_component', '4147b534-d8f6-cf61-40a9-63d10c4f19e3', '{\"generic\": 0, \"vendorProductName\": \"Exchange Server\"}', 0, 13, 'msft', now(), now()),
(78, 'Exchange Server 2016 Standard Edition', '', 'versionSTARTSWITH15.1.', 'cmdb_ci_exchange_service_component', '6ea47ec3-5dc8-a272-fc30-1e34f47003ef', '{\"generic\": 0, \"vendorProductName\": \"Exchange Server\"}', 0, 13, 'msft', now(), now()),
(79, 'Exchange Server 2013 Enterprise', '', 'versionSTARTSWITH15.0.5^ORversionSTARTSWITH15.0.6^ORversionSTARTSWITH15.0.7^ORversionSTARTSWITH15.0.9^ORversionSTARTSWITH15.0.1', 'cmdb_ci_exchange_service_component', '9a54bafd-52cf-a5b6-3db8-3b9675c15b92', '{\"generic\": 0, \"vendorProductName\": \"Exchange Server\"}', 0, 13, 'msft', now(), now()),
(80, 'Exchange Server 2016 Enterprise Edition', '', 'versionSTARTSWITH15.1.', 'cmdb_ci_exchange_service_component', 'b25b9787-07cd-abf2-dba2-bf5507774301', '{\"generic\": 0, \"vendorProductName\": \"Exchange Server\"}', 0, 13, 'msft', now(), now()),
(81, 'Exchange Server 2013 Service Pack 1', '', 'versionSTARTSWITH15.0.8', 'cmdb_ci_exchange_service_component', '785c614d-1c59-ae8e-0b1a-407ef0e450c4', '{\"generic\": 0, \"vendorProductName\": \"Exchange Server\"}', 0, 13, 'msft', now(), now()),
(82, 'Exchange Server 2010 Service Pack 3', '', 'versionSTARTSWITH14.3.', 'cmdb_ci_exchange_service_component', '08ec62a4-0e0a-6127-25d2-7ddddc4e6b7d', '{\"generic\": 0, \"vendorProductName\": \"Exchange Server\"}', 0, 13, 'msft', now(), now()),
(83, 'Exchange Server 2010', '', 'versionSTARTSWITH14.0.', 'cmdb_ci_exchange_service_component', '131af9f4-0ff0-cffd-924a-4b4c4592b087', '{\"generic\": 0, \"vendorProductName\": \"Exchange Server\"}', 0, 13, 'msft', now(), now()),
(84, 'Exchange Server 2013', '', 'versionSTARTSWITH15.0.5^ORversionSTARTSWITH15.0.6^ORversionSTARTSWITH15.0.7^ORversionSTARTSWITH15.0.9^ORversionSTARTSWITH15.0.1', 'cmdb_ci_exchange_service_component', '69749ff9-26e0-56b5-fb61-51c45486e8a5', '{\"generic\": 0, \"vendorProductName\": \"Exchange Server\"}', 0, 13, 'msft', now(), now()),
(85, 'Exchange Server 2016', '', 'versionSTARTSWITH15.1.', 'cmdb_ci_exchange_service_component', '9a690b8b-ca1c-444f-9f7a-e837231de5e6', '{\"generic\": 0, \"vendorProductName\": \"Exchange Server\"}', 0, 13, 'msft', now(), now()),
(86, 'Exchange Server 2019', '', 'versionSTARTSWITH15.2.', 'cmdb_ci_exchange_service_component', 'bb1df94b-03c7-71ad-ea01-ed42844d408f', '{\"generic\": 0, \"vendorProductName\": \"Exchange Server\"}', 0, 13, 'msft', now(), now()),
(87, 'Exchange Server 2007', '', 'versionSTARTSWITH8.0.', 'cmdb_ci_exchange_service_component', 'da7201da-7bbd-6fda-0c76-d7ce70f8e7ec', '{\"generic\": 0, \"vendorProductName\": \"Exchange Server\"}', 0, 13, 'msft', now(), now()),
(88, 'Exchange Server 2003 Service Pack 2', '', 'versionSTARTSWITH6.5.76', 'cmdb_ci_exchange_service_component', 'b8d8e390-ee43-3324-cbc8-f2bb0ae58d3b', '{\"generic\": 0, \"vendorProductName\": \"Exchange Server\"}', 0, 13, 'msft', now(), now()),
(89, 'SharePoint Services 3.0', '', '', '', 'aea00813-1137-5b7b-6536-30a95adc24f2', '{\"generic\": 1, \"vendorProductName\": \"SharePoint Services 3.0\"}', 1, 14, 'msft', now(), now()),
(90, 'Lync Server', '', '', '', 'a569dbf6-655f-0538-18f3-c0698fa725be', '{\"generic\": 1, \"vendorProductName\": \"Lync Server\"}', 1, 15, 'msft', now(), now()),
(91, 'Lync Server 2013', '', '', '', 'd2cc866e-0092-2446-e587-a10a68d1766f', '{\"generic\": 0, \"vendorProductName\": \"Lync Server\"}', 0, 15, 'msft', now(), now()),
(92, 'Lync Server 2010 Enterprise Edition', '', '', '', 'f05def94-2d8b-b789-474d-54f491ed48db', '{\"generic\": 0, \"vendorProductName\": \"Lync Server\"}', 0, 15, 'msft', now(), now()),
(93, 'Lync Server 2010 Standard Edition', '', '', '', 'e1947a31-bf5f-3305-9f23-227988e9ef6d', '{\"generic\": 0, \"vendorProductName\": \"Lync Server\"}', 0, 15, 'msft', now(), now()),
(94, 'Lync Server 2010 Group Chat Software Development Kit', '', '', '', 'ab51ef1c-5e16-5c09-c8d7-5dbffd39047b', '{\"generic\": 0, \"vendorProductName\": \"Lync Server\"}', 0, 15, 'msft', now(), now()),
(95, 'Lync Server 2013 Resource Kit', '', '', '', 'aa2bd70d-4f02-1e40-b07e-ade695c11fcd', '{\"generic\": 0, \"vendorProductName\": \"Lync Server\"}', 0, 15, 'msft', now(), now()),
(96, 'Lync Server 2010 Resource Kit', '', '', '', '88afd77d-6723-d497-a119-17afc4665453', '{\"generic\": 0, \"vendorProductName\": \"Lync Server\"}', 0, 15, 'msft', now(), now()),
(97, 'Lync Server 2013 Planning Tool', '', '', '', '95e5ecc5-5df3-3446-30bf-3a2ec0e1b4ed', '{\"generic\": 0, \"vendorProductName\": \"Lync Server\"}', 0, 15, 'msft', now(), now()),
(98, 'Lync Server 2010 Planning Tool', '', '', '', 'a99659c7-a78d-525f-39d4-3c2131aa88a7', '{\"generic\": 0, \"vendorProductName\": \"Lync Server\"}', 0, 15, 'msft', now(), now()),
(99, 'Lync Server 2010 Software Development Kit', '', '', '', '4de79815-8069-72c1-4eb7-eb5a69a92cc9', '{\"generic\": 0, \"vendorProductName\": \"Lync Server\"}', 0, 15, 'msft', now(), now()),
(100, 'FAST Search Server', '', '', '', 'a65b56c3-f81a-30b1-70d8-af960cf9fb4f', '{\"generic\": 1, \"vendorProductName\": \"FAST Search Server\"}', 0, 16, 'msft', now(), now()),
(101, 'FAST Search Server 2010 for SharePoint', '', '', '', '75534c9e-998e-5f66-6289-ecdc8098acba', '{\"generic\": 0, \"vendorProductName\": \"FAST Search Server\"}', 0, 16, 'msft', now(), now()),
(102, 'Forefront Identity Manager 2010', '', '', '', '1bfce146-23ac-cc32-654b-9b66958e5fc8', '{\"generic\": 1, \"vendorProductName\": \"Forefront Identity Manager 2010\"}', 0, 17, 'msft', now(), now()),
(103, 'Forefront Identity Manager 2010 R2', '', '', '', '626dad30-b36a-c0cd-6e97-b451659710cf', '{\"generic\": 0, \"vendorProductName\": \"Forefront Identity Manager 2010\"}', 0, 17, 'msft', now(), now()),
(104, 'Forefront Identity Manager 2010', '', '', '', '5435febe-3012-3720-8689-bea4003d97d4', '{\"generic\": 0, \"vendorProductName\": \"Forefront Identity Manager 2010\"}', 0, 17, 'msft', now(), now()),
(105, 'Forefront Identity Manager 2010 R2 Service Pack 1', '', '', '', '1b081dfa-d3e9-8630-eb6e-d0423d22569f', '{\"generic\": 0, \"vendorProductName\": \"Forefront Identity Manager 2010\"}', 0, 17, 'msft', now(), now()),
(106, 'Internet Information Services', '', '', '', '8d2f2333-902d-d580-9385-5ea5fc909f96', '{\"generic\": 1, \"vendorProductName\": \"Internet Information Services\"}', 1, 18, 'msft', now(), now()),
(107, 'IIS Media Services 3.0', '', '', '', 'c21f1c7c-7683-1f3f-424a-2a909f58da57', '{\"generic\": 0, \"vendorProductName\": \"Internet Information Services\"}', 0, 18, 'msft', now(), now()),
(108, 'Internet Information Services 7.5', '', '', '', '392edc60-5b82-8672-1624-5fd19daca09a', '{\"generic\": 0, \"vendorProductName\": \"Internet Information Services\"}', 0, 18, 'msft', now(), now()),
(109, 'Internet Information Services 8.0', '', '', '', '02351137-913b-a038-892b-600917457e2e', '{\"generic\": 0, \"vendorProductName\": \"Internet Information Services\"}', 0, 18, 'msft', now(), now()),
(110, 'Internet Information Services 8.0 Express', '', '', '', '41ccf3e7-062d-53a8-3541-ab4b0dd40dce', '{\"generic\": 0, \"vendorProductName\": \"Internet Information Services\"}', 0, 18, 'msft', now(), now()),
(111, 'Internet Information Services 8.5', '', '', '', 'aaa75334-025b-981a-4963-8365d90c53f0', '{\"generic\": 0, \"vendorProductName\": \"Internet Information Services\"}', 0, 18, 'msft', now(), now()),
(112, 'IIS Media Services 2.0', '', '', '', '07e36e3d-1a82-5295-8c30-fde4dcda31bf', '{\"generic\": 0, \"vendorProductName\": \"Internet Information Services\"}', 0, 18, 'msft', now(), now()),
(113, 'Lync 2010 Attendant', '', '', '', '97e01918-2d1f-ae7c-b133-5a3b1d5a2b1b', '{\"generic\": 1, \"vendorProductName\": \"Lync 2010 Attendant\"}', 1, 19, 'msft', now(), now()),
(114, 'Lync Phone Edition', '', '', '', '81c8a5a0-c793-de23-94cc-5e41d6d6f391', '{\"generic\": 1, \"vendorProductName\": \"Lync Phone Edition\"}', 1, 20, 'msft', now(), now()),
(115, 'Lync 2010 Group Chat', '', '', '', 'c4de6095-9705-6fd3-f775-f583883ad3a1', '{\"generic\": 1, \"vendorProductName\": \"Lync 2010 Group Chat\"}', 1, 21, 'msft', now(), now()),
(116, 'Lync 2010 Software Development Kit', '', '', '', '4afeeeef-e273-32da-029c-3457a629a8ba', '{\"generic\": 1, \"vendorProductName\": \"Lync 2010 Software Development Kit\"}', 1, 22, 'msft', now(), now()),
(117, 'Microsoft Analytics Platform System', '', '', '', '42966e17-3449-16a3-edd3-a79e06a00f01', '{\"generic\": 1, \"vendorProductName\": \"Microsoft Analytics Platform System\"}', 1, 23, 'msft', now(), now()),
(118, 'Office Communications Server 2007', '', '', '', 'f322398d-6ac9-7c5b-0a9b-65807a5198f7', '{\"generic\": 1, \"vendorProductName\": \"Office Communications Server 2007\"}', 1, 24, 'msft', now(), now()),
(119, 'Microsoft Office Communications Server 2007 R2', '', '', '', '9c37bb5a-18ee-230f-0d01-30c7f864bbb6', '{\"generic\": 0, \"vendorProductName\": \"Office Communications Server 2007\"}', 0, 24, 'msft', now(), now()),
(120, 'Microsoft Office Communications Server 2007 R2 XMPP Gateway', '', '', '', '4a9b6fa3-9e23-1164-71ca-e91f6527489e', '{\"generic\": 0, \"vendorProductName\": \"Office Communications Server 2007\"}', 0, 24, 'msft', now(), now()),
(121, 'Search Server', '', '', '', '70085956-8181-7ee5-5384-be27441e3d97', '{\"generic\": 1, \"vendorProductName\": \"Search Server\"}', 1, 25, 'msft', now(), now()),
(122, 'Search Server 2010', '', '', '', '08153f88-9f12-c61d-13d6-8f226bf3ac06', '{\"generic\": 0, \"vendorProductName\": \"Search Server\"}', 0, 25, 'msft', now(), now()),
(123, 'Microsoft Search Server 2010 Service Pack 1', '', '', '', '2fe03c77-4329-66fd-a5e3-62a8ed1e49c9', '{\"generic\": 0, \"vendorProductName\": \"Search Server\"}', 0, 25, 'msft', now(), now()),
(124, 'Windows Server Update Services', '', '', '', 'e6a9ca85-36ac-f8f0-a5a2-7611aeab7a06', '{\"generic\": 1, \"vendorProductName\": \"Windows Server Update Services\"}', 1, 26, 'msft', now(), now()),
(125, 'Windows Server Update Services 3.0 Service Pack 2', '', '', '', '98dcb8d2-fd4f-856e-93c8-4794257bc78e', '{\"generic\": 0, \"vendorProductName\": \"Windows Server Update Services\"}', 0, 26, 'msft', now(), now()),
(126, 'Windows Server 2008', '', '', '', '4d83ba0e-5ad3-1b00-4303-1863823d2178', '{\"generic\": 1, \"vendorProductName\": \"Windows Server 2008\"}', 1, 27, 'msft', now(), now()),
(127, 'Windows Server 2008 Standard', '', 'osLIKEWindows 2008^os_versionSTARTSWITH6.0.6000', 'cmdb_ci_computer', '333f3bd9-9578-fda0-5919-4b8fa39524c3', '{\"generic\": 0, \"vendorProductName\": \"Windows Server 2008\"}', 1, 27, 'msft', now(), now()),
(128, 'Windows Server 2008 Standard without Hyper-V', '', 'osLIKEWindows 2008^os_versionSTARTSWITH6.0.6000', 'cmdb_ci_computer', '34f6fef7-35d2-ef78-7283-10ba9775651d', '{\"generic\": 0, \"vendorProductName\": \"Windows Server 2008\"}', 1, 27, 'msft', now(), now()),
(129, 'Windows Server 2008 Enterprise without Hyper-V', '', 'osLIKEWindows 2008^os_versionSTARTSWITH6.0.6000', 'cmdb_ci_computer', '4a9fe6cd-8fb9-4481-20af-b805feca9c7b', '{\"generic\": 0, \"vendorProductName\": \"Windows Server 2008\"}', 1, 27, 'msft', now(), now()),
(130, 'Windows Server 2008 Service Pack 2', '', 'osLIKEWindows 2008^os_versionSTARTSWITH6.0.6002', 'cmdb_ci_computer', '9dcd1ae8-74ee-a4f0-82ad-4736ad0727f7', '{\"generic\": 0, \"vendorProductName\": \"Windows Server 2008\"}', 1, 27, 'msft', now(), now()),
(131, 'Windows Server 2008 Web Edition', '', 'osLIKEWindows 2008^os_versionSTARTSWITH6.0.6000', 'cmdb_ci_computer', 'adc0290c-cf74-ece3-6c50-40b4b8ac2454', '{\"generic\": 0, \"vendorProductName\": \"Windows Server 2008\"}', 1, 27, 'msft', now(), now()),
(132, 'Windows Server 2008 Datacenter', '', 'osLIKEWindows 2008^os_versionSTARTSWITH6.0.6000', 'cmdb_ci_computer', 'c2628421-ad67-7b37-cbb2-c1b1f4d4ffab', '{\"generic\": 0, \"vendorProductName\": \"Windows Server 2008\"}', 1, 27, 'msft', now(), now()),
(133, 'Windows Server 2008 for Itanium-Based Systems', '', 'osLIKEWindows 2008^os_versionSTARTSWITH6.0.6000', 'cmdb_ci_computer', 'c5c603fd-204f-4b8a-f0fb-cc95767cb3a7', '{\"generic\": 0, \"vendorProductName\": \"Windows Server 2008\"}', 1, 27, 'msft', now(), now()),
(134, 'Windows Server 2008 Datacenter without Hyper-V', '', 'osLIKEWindows 2008^os_versionSTARTSWITH6.0.6000', 'cmdb_ci_computer', 'cddeb3eb-1ea0-0870-5c35-3cf782493a3f', '{\"generic\": 0, \"vendorProductName\": \"Windows Server 2008\"}', 1, 27, 'msft', now(), now()),
(135, 'Windows Server 2008 Enterprise', '', 'osLIKEWindows 2008^os_versionSTARTSWITH6.0.6000', 'cmdb_ci_computer', 'f62ed778-6986-d76e-c007-40a28315ffbf', '{\"generic\": 0, \"vendorProductName\": \"Windows Server 2008\"}', 1, 27, 'msft', now(), now()),
(136, 'Windows Server 2008 Foundation', '', 'osLIKEWindows 2008^os_versionSTARTSWITH6.0.6000', 'cmdb_ci_computer', '2b2eeb95-d89c-6614-0db5-88f09133ede6', '{\"generic\": 0, \"vendorProductName\": \"Windows Server 2008\"}', 1, 27, 'msft', now(), now()),
(137, 'Windows Server 2008 R2', '', '', '', 'a6b60d8d-7409-cb03-46a7-88f626fd2629', '{\"generic\": 0, \"vendorProductName\": \"Windows Server 2008\"}', 0, 27, 'msft', now(), now()),
(138, 'Windows Essential Business Server 2008', '', 'osLIKEWindows 2008^os_versionSTARTSWITH6.0.6000', 'cmdb_ci_computer', 'ce02b876-a5e7-922b-1f0d-fa8bacf2a8c2', '{\"generic\": 0, \"vendorProductName\": \"Windows Server 2008\"}', 1, 27, 'msft', now(), now()),
(139, 'Windows Server version 1803', '', 'osLIKEWindows 2019^os_versionSTARTSWITH10.0.17134', 'cmdb_ci_computer', '166eae62-79ed-7992-9a28-2ba72b5774f6', '{\"generic\": 1, \"vendorProductName\": \"Windows Server version 1803\"}', 1, 28, 'msft', now(), now()),
(140, 'Windows Server version 1709', '', '', '', '7d11876b-6553-b97d-2328-26f82da77ea3', '{\"generic\": 1, \"vendorProductName\": \"Windows Server version 1709\"}', 1, 29, 'msft', now(), now()),
(141, 'Windows Server Standard, version 1709', '', 'osLIKEWindows 1709^os_versionSTARTSWITH10.0.16', 'cmdb_ci_computer', '524351cf-096d-b63a-1a31-07ecaec6db3b', '{\"generic\": 0, \"vendorProductName\": \"Windows Server version 1709\"}', 1, 29, 'msft', now(), now()),
(142, 'Windows Server 2016', '', '', '', 'c3a1be8a-50db-47b7-d5eb-259debc3abcc', '{\"generic\": 1, \"vendorProductName\": \"Windows Server 2016\"}', 1, 30, 'msft', now(), now()),
(143, 'Windows Server 2016 Essentials', '', 'osLIKEWindows 2016^os_versionSTARTSWITH10.0.14', 'cmdb_ci_computer', '12db0355-c78b-b1b8-0c13-671906e0652d', '{\"generic\": 0, \"vendorProductName\": \"Windows Server 2016\"}', 1, 30, 'msft', now(), now()),
(144, 'Windows Server 2016, all editions', '', '', '', '134671c1-19b7-7172-9c0f-15180903ba06', '{\"generic\": 0, \"vendorProductName\": \"Windows Server 2016\"}', 1, 30, 'msft', now(), now()),
(145, 'Windows Server 2016 Standard', '', 'osLIKEWindows 2016^os_versionSTARTSWITH10.0.14', 'cmdb_ci_computer', '9b513fa9-12cb-5183-ab1b-0d5c70317be8', '{\"generic\": 0, \"vendorProductName\": \"Windows Server 2016\"}', 1, 30, 'msft', now(), now()),
(146, 'Windows Server 2016', '', '', '', 'f74948d2-6a6e-d7ce-8733-c201e2d36a2e', '{\"generic\": 0, \"vendorProductName\": \"Windows Server 2016\"}', 0, 30, 'msft', now(), now()),
(147, 'Windows Server 2016 Datacenter edition Nano Server installation option', '', 'osLIKEWindows 2016^os_versionSTARTSWITH10.0.14', 'cmdb_ci_computer', '0da676cf-6542-ed3e-5e52-30ee5d0e9b77', '{\"generic\": 0, \"vendorProductName\": \"Windows Server 2016\"}', 1, 30, 'msft', now(), now()),
(148, 'Windows Server 2016 Standard edition Nano Server installation option', '', 'osLIKEWindows 2016^os_versionSTARTSWITH10.0.14', 'cmdb_ci_computer', 'e01ab2a9-36f5-1251-a31f-aa615d0c4db3', '{\"generic\": 0, \"vendorProductName\": \"Windows Server 2016\"}', 1, 30, 'msft', now(), now()),
(149, 'Windows Server 2016 Version 1709', '', 'osLIKEWindows 2016^os_versionSTARTSWITH10.0.14', 'cmdb_ci_computer', 'e19a4ce2-b165-01bb-241a-cfb7943cc611', '{\"generic\": 0, \"vendorProductName\": \"Windows Server 2016\"}', 1, 30, 'msft', now(), now()),
(150, 'Windows Server 2016 Technical Preview 5', '', 'osLIKEWindows 2016^os_versionSTARTSWITH10.0.14', 'cmdb_ci_computer', '61a5a336-504b-c06b-81a6-60573106953d', '{\"generic\": 0, \"vendorProductName\": \"Windows Server 2016\"}', 1, 30, 'msft', now(), now()),
(151, 'Microsoft Windows Server 2003', '', '', '', '61fd1dce-2383-f1ce-05a7-bfc152a7b39a', '{\"generic\": 1, \"vendorProductName\": \"Microsoft Windows Server 2003\"}', 1, 31, 'msft', now(), now()),
(152, 'Microsoft Windows Server 2003 Standard Edition (32-bit x86)', '', 'osLIKEWindows 2003^os_versionSTARTSWITH5.2.3790.0', 'cmdb_ci_computer', '6598ee95-32c0-33c6-2c98-e74bc322f6c9', '{\"generic\": 0, \"vendorProductName\": \"Microsoft Windows Server 2003\"}', 1, 31, 'msft', now(), now()),
(153, 'Microsoft Windows Server 2003 Datacenter x64 Edition', '', 'osLIKEWindows 2003^os_versionSTARTSWITH5.2.3790.0', 'cmdb_ci_computer', '16317ea1-2df4-8934-3476-f6de47482473', '{\"generic\": 0, \"vendorProductName\": \"Microsoft Windows Server 2003\"}', 1, 31, 'msft', now(), now()),
(154, 'Microsoft Windows Server 2003 Datacenter Edition for Itanium-Based Systems', '', 'osLIKEWindows 2003^os_versionSTARTSWITH5.2.3790.0', 'cmdb_ci_computer', '3d2b3ea9-fca4-244d-101a-a4c1d62d17ae', '{\"generic\": 0, \"vendorProductName\": \"Microsoft Windows Server 2003\"}', 1, 31, 'msft', now(), now()),
(155, 'Microsoft Windows Server 2003 Enterprise x64 Edition', '', 'osLIKEWindows 2003^os_versionSTARTSWITH5.2.3790.0', 'cmdb_ci_computer', '3de346de-0eed-9b6d-bcfe-9206bb6e17e8', '{\"generic\": 0, \"vendorProductName\": \"Microsoft Windows Server 2003\"}', 1, 31, 'msft', now(), now()),
(156, 'Microsoft Windows Server 2003 Standard x64 Edition', '', 'osLIKEWindows 2003^os_versionSTARTSWITH5.2.3790.0', 'cmdb_ci_computer', '7529d730-8a4b-fe52-c231-84092af6d1ed', '{\"generic\": 0, \"vendorProductName\": \"Microsoft Windows Server 2003\"}', 1, 31, 'msft', now(), now()),
(157, 'Microsoft Windows Server 2003 Web Edition', '', 'osLIKEWindows 2003^os_versionSTARTSWITH5.2.3790.0', 'cmdb_ci_computer', '888844d2-b8af-eb2d-82c1-fa6ea20ae5e0', '{\"generic\": 0, \"vendorProductName\": \"Microsoft Windows Server 2003\"}', 1, 31, 'msft', now(), now()),
(158, 'Microsoft Windows Server 2003 Datacenter Edition (32-bit x86)', '', 'osLIKEWindows 2003^os_versionSTARTSWITH5.2.3790.0', 'cmdb_ci_computer', 'b1fbaecc-b125-61af-4727-dfd9fbe44ce6', '{\"generic\": 0, \"vendorProductName\": \"Microsoft Windows Server 2003\"}', 1, 31, 'msft', now(), now()),
(159, 'Microsoft Windows Server 2003 Enterprise Edition (32-bit x86)', '', 'osLIKEWindows 2003^os_versionSTARTSWITH5.2.3790.0', 'cmdb_ci_computer', 'cae3c4c4-d41d-0c6b-ada4-13e13941c42f', '{\"generic\": 0, \"vendorProductName\": \"Microsoft Windows Server 2003\"}', 1, 31, 'msft', now(), now()),
(160, 'Microsoft Windows Server 2003 Service Pack 2', '', 'osLIKEWindows 2003^os_versionSTARTSWITH5.2.3790.3', 'cmdb_ci_computer', 'd8a13ae7-29f4-a2f7-b578-68ac42177525', '{\"generic\": 0, \"vendorProductName\": \"Microsoft Windows Server 2003\"}', 1, 31, 'msft', now(), now()),
(161, 'Microsoft Windows Server 2003 Enterprise Edition for Itanium-based Systems', '', 'osLIKEWindows 2003^os_versionSTARTSWITH5.2.3790.0', 'cmdb_ci_computer', 'fd2e9bc6-32bb-ae62-ed24-6c3711549725', '{\"generic\": 0, \"vendorProductName\": \"Microsoft Windows Server 2003\"}', 1, 31, 'msft', now(), now()),
(162, 'Microsoft Windows Server 2003 Service Pack 1', '', 'osLIKEWindows 2003^os_versionSTARTSWITH5.2.3790.1', 'cmdb_ci_computer', '159a6891-3976-3e54-c54d-b6bd38623ffc', '{\"generic\": 0, \"vendorProductName\": \"Microsoft Windows Server 2003\"}', 1, 31, 'msft', now(), now()),
(163, 'Microsoft Windows Server 2003 R2 Datacenter Edition (32-Bit x86)', '', 'osLIKEWindows 2003^os_versionSTARTSWITH5.2.3790.2', 'cmdb_ci_computer', '3fd42902-3f4c-ca32-b8a5-a17e7d13c5cf', '{\"generic\": 0, \"vendorProductName\": \"Microsoft Windows Server 2003\"}', 1, 31, 'msft', now(), now()),
(164, 'Microsoft Windows Server 2003 R2 Datacenter x64 Edition', '', 'osLIKEWindows 2003^os_versionSTARTSWITH5.2.3790.2', 'cmdb_ci_computer', '78ad52d7-03d2-232d-0d8d-4d341a6834ed', '{\"generic\": 0, \"vendorProductName\": \"Microsoft Windows Server 2003\"}', 1, 31, 'msft', now(), now()),
(165, 'Microsoft Windows Server 2003 R2 Enterprise x64 Edition', '', 'osLIKEWindows 2003^os_versionSTARTSWITH5.2.3790.2', 'cmdb_ci_computer', '7e73aff8-abf9-ef44-be3f-3936a6a617f9', '{\"generic\": 0, \"vendorProductName\": \"Microsoft Windows Server 2003\"}', 1, 31, 'msft', now(), now()),
(166, 'Microsoft Windows Server 2003 R2 Standard Edition (32-bit x86)', '', 'osLIKEWindows 2003^os_versionSTARTSWITH5.2.3790.2', 'cmdb_ci_computer', 'a19e55c4-d71a-229e-7aa4-788c7ce2697c', '{\"generic\": 0, \"vendorProductName\": \"Microsoft Windows Server 2003\"}', 1, 31, 'msft', now(), now()),
(167, 'Microsoft Windows Server 2003 R2 Enterprise Edition (32-Bit x86)', '', 'osLIKEWindows 2003^os_versionSTARTSWITH5.2.3790.2', 'cmdb_ci_computer', 'b7dcc427-dbb3-6002-e6e9-635ee18bb580', '{\"generic\": 0, \"vendorProductName\": \"Microsoft Windows Server 2003\"}', 1, 31, 'msft', now(), now()),
(168, 'Microsoft Windows Server 2003 R2 Standard x64 Edition', '', 'osLIKEWindows 2003^os_versionSTARTSWITH5.2.3790.2', 'cmdb_ci_computer', 'ff79eb28-3acf-a56c-9d4a-b71562fb6c4c', '{\"generic\": 0, \"vendorProductName\": \"Microsoft Windows Server 2003\"}', 1, 31, 'msft', now(), now()),
(169, 'Microsoft Windows Rights Management Services (RMS) for Windows Server 2003', '', '', '', 'e22833bc-2521-435b-db49-5d6fce12f96c', '{\"generic\": 0, \"vendorProductName\": \"Microsoft Windows Server 2003\"}', 0, 31, 'msft', now(), now()),
(170, 'Microsoft Windows Rights Management Services (RMS) for Windows Server 2003 Service Pack 2', '', '', '', '46562312-e25c-331f-af07-8b8304327aee', '{\"generic\": 0, \"vendorProductName\": \"Microsoft Windows Server 2003\"}', 0, 31, 'msft', now(), now()),
(171, 'Microsoft Windows Server 2003 R2 Datacenter x64 Edition with Service Pack 2', '', 'osLIKEWindows 2003^os_versionSTARTSWITH5.2.3790.3', 'cmdb_ci_computer', '83cef206-46ca-5979-1d7a-225ce4d75606', '{\"generic\": 0, \"vendorProductName\": \"Microsoft Windows Server 2003\"}', 1, 31, 'msft', now(), now()),
(172, 'Windows Server 2008 R2', '', '', '', 'f08822eb-e7c5-9e48-e44c-760a079f84c0', '{\"generic\": 1, \"vendorProductName\": \"Windows Server 2008 R2\"}', 1, 32, 'msft', now(), now()),
(173, 'Windows Server 2008 R2 Enterprise', '', 'osLIKEWindows 2008^os_versionSTARTSWITH6.1.7600.', 'cmdb_ci_computer', '2994eca6-696c-b523-20de-40b02211bb3b', '{\"generic\": 0, \"vendorProductName\": \"Windows Server 2008 R2\"}', 1, 32, 'msft', now(), now()),
(174, 'Windows Server 2008 R2 Web Edition', '', 'osLIKEWindows 2008^os_versionSTARTSWITH6.1.7600.', 'cmdb_ci_computer', '32719e08-ef7b-a697-0697-ec02d753dbb5', '{\"generic\": 0, \"vendorProductName\": \"Windows Server 2008 R2\"}', 1, 32, 'msft', now(), now()),
(175, 'Windows Server 2008 R2 Service Pack 1', '', 'osLIKEWindows 2008^os_versionSTARTSWITH6.1.7601.', 'cmdb_ci_computer', '417baa75-0c45-df0a-8e65-960580d94f42', '{\"generic\": 0, \"vendorProductName\": \"Windows Server 2008 R2\"}', 1, 32, 'msft', now(), now()),
(176, 'Windows Server 2008 R2 Standard', '', 'osLIKEWindows 2008^os_versionSTARTSWITH6.1.7600.', 'cmdb_ci_computer', '670009af-2bc1-fa29-d4a5-99c02e923013', '{\"generic\": 0, \"vendorProductName\": \"Windows Server 2008 R2\"}', 1, 32, 'msft', now(), now()),
(177, 'Windows Server 2008 R2 Datacenter', '', 'osLIKEWindows 2008^os_versionSTARTSWITH6.1.7600.', 'cmdb_ci_computer', '96bdd47e-5cb0-fbd3-9808-6c4bead5f000', '{\"generic\": 0, \"vendorProductName\": \"Windows Server 2008 R2\"}', 1, 32, 'msft', now(), now()),
(178, 'Windows Server 2008 R2 Foundation', '', 'osLIKEWindows 2008^os_versionSTARTSWITH6.1.7600.', 'cmdb_ci_computer', 'd21af3d6-5cde-c325-4483-c1810c7a5bdd', '{\"generic\": 0, \"vendorProductName\": \"Windows Server 2008 R2\"}', 1, 32, 'msft', now(), now()),
(179, 'Windows Server 2008 R2 for Itanium-Based Systems', '', 'osLIKEWindows 2008^os_versionSTARTSWITH6.1.7600.', 'cmdb_ci_computer', '797c8d10-dfbb-6614-ad47-503904cf18ca', '{\"generic\": 0, \"vendorProductName\": \"Windows Server 2008 R2\"}', 1, 32, 'msft', now(), now()),
(180, 'Windows HPC', '', '', '', '376ca9ac-5b4b-47c6-ca82-c44767893037', '{\"generic\": 1, \"vendorProductName\": \"Windows HPC\"}', 0, 33, 'msft', now(), now()),
(181, 'Windows HPC Server 2008 R2', '', '', '', '9f8f2e2a-627e-bc12-cd5c-611dbf3823c5', '{\"generic\": 0, \"vendorProductName\": \"Windows HPC\"}', 0, 33, 'msft', now(), now()),
(182, 'HPC Pack 2008 R2', '', '', '', '1760ebbb-2ca5-6ce3-f6d8-f2ca6681bdc5', '{\"generic\": 0, \"vendorProductName\": \"Windows HPC\"}', 0, 33, 'msft', now(), now()),
(183, 'Windows HPC Server 2008 without Hyper-V', '', '', '', 'cfcabebf-b04d-d400-9ecd-495d4f55724c', '{\"generic\": 0, \"vendorProductName\": \"Windows HPC\"}', 0, 33, 'msft', now(), now()),
(184, 'HPC Pack 2012 R2', '', '', '', 'ca611c3d-72bc-bc26-d1d7-b23ab537bdbe', '{\"generic\": 0, \"vendorProductName\": \"Windows HPC\"}', 0, 33, 'msft', now(), now()),
(185, 'Microsoft HPC Pack 2008 R2 Service Pack 4', '', '', '', '60565d13-cd9e-811d-eb17-e3e58f39ed54', '{\"generic\": 0, \"vendorProductName\": \"Windows HPC\"}', 0, 33, 'msft', now(), now()),
(186, 'Windows Server 2012', '', '', '', '0cfbf2af-24ea-3e18-17e6-02df7331b571', '{\"generic\": 1, \"vendorProductName\": \"Windows Server 2012\"}', 1, 34, 'msft', now(), now()),
(187, 'Windows Server 2012 Essentials', '', 'osLIKEWindows 2012^os_versionSTARTSWITH6.2.92', 'cmdb_ci_computer', '1b3bc777-c681-e378-d422-eb618baa26f9', '{\"generic\": 0, \"vendorProductName\": \"Windows Server 2012\"}', 1, 34, 'msft', now(), now()),
(188, 'Windows Server 2012 Standard', '', 'osLIKEWindows 2012^os_versionSTARTSWITH6.2.92', 'cmdb_ci_computer', '4af945c2-8a39-6b82-777b-5067ce2c9216', '{\"generic\": 0, \"vendorProductName\": \"Windows Server 2012\"}', 1, 34, 'msft', now(), now()),
(189, 'Windows Server 2012 Datacenter', '', 'osLIKEWindows 2012^os_versionSTARTSWITH6.2.92', 'cmdb_ci_computer', 'ceefced2-0d6f-a4bd-50d6-875c871b8250', '{\"generic\": 0, \"vendorProductName\": \"Windows Server 2012\"}', 1, 34, 'msft', now(), now()),
(190, 'Windows Server 2012 Foundation', '', 'osLIKEWindows 2012^os_versionSTARTSWITH6.2.92', 'cmdb_ci_computer', 'e2b2a040-324c-43bf-447c-75aab15e2570', '{\"generic\": 0, \"vendorProductName\": \"Windows Server 2012\"}', 1, 34, 'msft', now(), now()),
(191, 'Windows Server 2012 R2 Preview', '', 'osLIKEWindows 2012^os_versionSTARTSWITH6.2.92', 'cmdb_ci_computer', '88538748-96fd-53c4-4f97-929ac13dca95', '{\"generic\": 0, \"vendorProductName\": \"Windows Server 2012\"}', 1, 34, 'msft', now(), now()),
(192, 'Windows Server 2012 for Embedded Systems', '', 'osLIKEWindows 2012^os_versionSTARTSWITH6.2.92', 'cmdb_ci_computer', '03536d04-e21f-f1d2-3e5f-edf9f2a5a714', '{\"generic\": 0, \"vendorProductName\": \"Windows Server 2012\"}', 1, 34, 'msft', now(), now()),
(193, 'Windows Server 2012 R2', '', '', '', '3ec8448d-ebc8-8fc0-e0b7-9e8ef6c79918', '{\"generic\": 1, \"vendorProductName\": \"Windows Server 2012 R2\"}', 1, 35, 'msft', now(), now()),
(194, 'Windows Server 2012 R2 Standard', '', 'osLIKEWindows 2012^os_versionSTARTSWITH6.3.96', 'cmdb_ci_computer', '289fe55d-04e8-fd33-f9f3-f7ad74c153bf', '{\"generic\": 0, \"vendorProductName\": \"Windows Server 2012 R2\"}', 1, 35, 'msft', now(), now()),
(195, 'Windows Server 2012 R2 Datacenter', '', 'osLIKEWindows 2012^os_versionSTARTSWITH6.3.96', 'cmdb_ci_computer', '28a9ef75-2920-9f59-4d6c-4e6d6c99cf4c', '{\"generic\": 0, \"vendorProductName\": \"Windows Server 2012 R2\"}', 1, 35, 'msft', now(), now()),
(196, 'Windows Server 2012 R2 Foundation', '', 'osLIKEWindows 2012^os_versionSTARTSWITH6.3.96', 'cmdb_ci_computer', '6a967721-27d9-bd5f-9029-99ca5f0436dd', '{\"generic\": 0, \"vendorProductName\": \"Windows Server 2012 R2\"}', 1, 35, 'msft', now(), now()),
(197, 'Windows Server 2012 R2 Essentials', '', 'osLIKEWindows 2012^os_versionSTARTSWITH6.3.96', 'cmdb_ci_computer', 'dc52833c-eac7-25b7-b942-b2dfcfbace09', '{\"generic\": 0, \"vendorProductName\": \"Windows Server 2012 R2\"}', 1, 35, 'msft', now(), now()),
(198, 'Windows Server 2012 R2 for Embedded Systems', '', 'osLIKEWindows 2012^os_versionSTARTSWITH6.3.96', 'cmdb_ci_computer', '6eda3bd7-c5ef-99f8-9d1e-3ba02a85327e', '{\"generic\": 0, \"vendorProductName\": \"Windows Server 2012 R2\"}', 1, 35, 'msft', now(), now()),
(199, 'Windows Server 2019', '', '', '', 'eb958e25-cff9-2d06-53ca-f656481bb31f', '{\"generic\": 1, \"vendorProductName\": \"Windows Server 2019\"}', 1, 36, 'msft', now(), now()),
(200, 'Windows Server 2019, all editions', '', '', '', '2720d233-ab86-c00c-e754-36f34d5985f4', '{\"generic\": 0, \"vendorProductName\": \"Windows Server 2019\"}', 0, 36, 'msft', now(), now()),
(201, 'Windows Server version 1803', '', 'osLIKEWindows 2019^os_versionSTARTSWITH10.0.17134', 'cmdb_ci_computer', '5a819211-ad59-b41d-f94a-3d03a62cd26a', '{\"generic\": 0, \"vendorProductName\": \"Windows Server 2019\"}', 1, 36, 'msft', now(), now()),
(202, 'Windows Server 2019 Standard', '', 'osLIKEWindows 2019^os_versionSTARTSWITH10.0.17763.', 'cmdb_ci_computer', '82e7d106-8c1b-1911-0287-da69a7d7d30e', '{\"generic\": 0, \"vendorProductName\": \"Windows Server 2019\"}', 1, 36, 'msft', now(), now()),
(203, 'Hyper-V Server', '', '', '', '57b3a1b0-24a8-0c72-ee67-cf728153ed50', '{\"generic\": 1, \"vendorProductName\": \"Hyper-V Server\"}', 1, 37, 'msft', now(), now()),
(204, 'Hyper-V Server 2008', '', '', '', '4ec02d84-81a1-4666-a0e1-751ee0e49656', '{\"generic\": 0, \"vendorProductName\": \"Hyper-V Server\"}', 0, 37, 'msft', now(), now()),
(205, 'Hyper-V Server 2016', '', '', '', 'ab66559c-b868-b48d-c7cc-ce98b9caa81c', '{\"generic\": 0, \"vendorProductName\": \"Hyper-V Server\"}', 0, 37, 'msft', now(), now()),
(206, 'Hyper-V Server 2012 R2', '', '', '', 'bf3baaef-862f-1fc7-a252-06655f85bcac', '{\"generic\": 0, \"vendorProductName\": \"Hyper-V Server\"}', 0, 37, 'msft', now(), now()),
(207, 'Hyper-V Server 2012', '', '', '', 'c9ba946f-7e76-d9fb-3c2e-8a2fb64f5937', '{\"generic\": 0, \"vendorProductName\": \"Hyper-V Server\"}', 0, 37, 'msft', now(), now()),
(208, 'Microsoft Hyper-V Server 2008 R2 Service Pack 1', '', '', '', 'd9e2b9b9-a3d6-9fc3-44b2-08d125875b41', '{\"generic\": 0, \"vendorProductName\": \"Hyper-V Server\"}', 0, 37, 'msft', now(), now()),
(209, 'Hyper-V Server 2008 R2', '', '', '', '234cef50-d402-d2a2-3338-5b06a9d26488', '{\"generic\": 0, \"vendorProductName\": \"Hyper-V Server\"}', 0, 37, 'msft', now(), now()),
(210, 'Hyper-V Servers', '', '', '', '104632a9-e773-e491-6681-75f47bc72fef', '{\"generic\": 1, \"vendorProductName\": \"Hyper-V Servers\"}', 1, 38, 'msft', now(), now()),
(211, 'Microsoft Hyper-V Server 2008 R2', '', '', '', 'ba4dedf9-f902-93c0-a3fb-0bb315b9a19f', '{\"generic\": 0, \"vendorProductName\": \"Hyper-V Servers\"}', 0, 38, 'msft', now(), now()),
(212, 'Windows Small Business Server', '', '', '', 'b4f8e77c-c047-1880-1b5a-98fece1e286a', '{\"generic\": 1, \"vendorProductName\": \"Windows Small Business Server\"}', 0, 39, 'msft', now(), now()),
(213, 'Microsoft Small Business Server 2000 Standard Edition', '', '', '', '524154da-e720-be74-af80-7f07d5468021', '{\"generic\": 0, \"vendorProductName\": \"Windows Small Business Server\"}', 0, 39, 'msft', now(), now()),
(214, 'Windows Small Business Server 2011 Essentials', '', '', '', 'e2b186b5-ac49-2d97-b0f6-591a77ffe0c2', '{\"generic\": 0, \"vendorProductName\": \"Windows Small Business Server\"}', 0, 39, 'msft', now(), now()),
(215, 'Windows Small Business Server 2008 Premium', '', '', '', '23d31584-9ed3-e094-965b-b059988f37af', '{\"generic\": 0, \"vendorProductName\": \"Windows Small Business Server\"}', 0, 39, 'msft', now(), now()),
(216, 'Windows Small Business Server 2008 Standard', '', '', '', 'acb964bb-609a-1503-271e-954db463e3a6', '{\"generic\": 0, \"vendorProductName\": \"Windows Small Business Server\"}', 0, 39, 'msft', now(), now()),
(217, 'Windows Small Business Server 2011 Standard', '', '', '', 'bd3bc090-7bb0-5c22-3a6c-455b3637e2ee', '{\"generic\": 0, \"vendorProductName\": \"Windows Small Business Server\"}', 0, 39, 'msft', now(), now()),
(218, 'Windows Home Server 2011', '', '', '', 'fa0e9d6f-9364-6cf3-96ba-10cc9dc69909', '{\"generic\": 0, \"vendorProductName\": \"Windows Small Business Server\"}', 0, 39, 'msft', now(), now()),
(219, 'Small Business Server 2003 EN', '', '', '', '8950eee8-bc8c-285d-1c47-f7abdd1bcb0d', '{\"generic\": 0, \"vendorProductName\": \"Windows Small Business Server\"}', 0, 39, 'msft', now(), now()),
(220, 'Windows Server version 1809', '', '', '', '70f4366f-ada3-c05a-35e6-82a25ad1b1d1', '{\"generic\": 1, \"vendorProductName\": \"Windows Server version 1809\"}', 1, 40, 'msft', now(), now()),
(221, 'Windows Server, version 1809 (Datacenter, Standard)', '', 'osLIKEWindows 1809^os_versionSTARTSWITH10.0.17763', 'cmdb_ci_computer', 'd881e1ad-2817-5f7f-a513-2dee745a6e27', '{\"generic\": 0, \"vendorProductName\": \"Windows Server version 1809\"}', 1, 40, 'msft', now(), now()),
(222, 'Windows Server version 2004', '', '', '', 'e133d67b-d071-4a8f-9d7c-a0f5608cd9a6', '{\"generic\": 1, \"vendorProductName\": \"Windows Server version 2004\"}', 1, 41, 'msft', now(), now()),
(223, 'Windows Server, version 2004, all editions', '', 'osLIKEWindows 2004^os_versionSTARTSWITH10.0.19041', 'cmdb_ci_computer', '130281e4-5ad9-ce02-23d9-30451b6aff37', '{\"generic\": 0, \"vendorProductName\": \"Windows Server version 2004\"}', 1, 41, 'msft', now(), now()),
(224, 'Windows Server, version 2004', '', '', '', '4db96387-2268-dde4-f02e-9c5c50987427', '{\"generic\": 0, \"vendorProductName\": \"Windows Server version 2004\"}', 0, 41, 'msft', now(), now()),
(225, 'Windows Server Standard, version 2004', '', '', '', 'b8bc37f3-1eb4-679d-728f-d21abc9d74c1', '{\"generic\": 0, \"vendorProductName\": \"Windows Server version 2004\"}', 0, 41, 'msft', now(), now()),
(226, 'Windows Server version 1909', '', '', '', 'e89722c2-7df6-4257-f51f-d2daef5a24ce', '{\"generic\": 1, \"vendorProductName\": \"Windows Server version 1909\"}', 1, 42, 'msft', now(), now()),
(227, 'Windows Server, version 1909, all editions', '', 'osLIKEWindows 1909^os_versionSTARTSWITH10.0.18363.', 'cmdb_ci_computer', 'b1fc56c4-e54f-48d2-cf7e-f40a7fe7ff99', '{\"generic\": 0, \"vendorProductName\": \"Windows Server version 1909\"}', 1, 42, 'msft', now(), now()),
(228, 'Windows Server version 1903', '', '', '', '116d96d7-680c-89b4-ecd6-627d52c822bc', '{\"generic\": 1, \"vendorProductName\": \"Windows Server version 1903\"}', 1, 43, 'msft', now(), now()),
(229, 'Windows Server, version 1903, all editions', '', '', '', '478dafe5-5f3d-8ba3-918d-4ab3b7c549bf', '{\"generic\": 0, \"vendorProductName\": \"Windows Server version 1903\"}', 0, 43, 'msft', now(), now()),
(230, 'Windows Server version 20H2', '', '', '', 'a5b7b703-67e1-4a8f-05b9-f4c9a801279a', '{\"generic\": 1, \"vendorProductName\": \"Windows Server version 20H2\"}', 1, 44, 'msft', now(), now()),
(231, 'Windows Server, version 20H2, all editions', '', 'osLIKEWindows 20H2^os_versionSTARTSWITH10.0.19042', 'cmdb_ci_computer', '8724fc83-f1f5-fb29-7db8-22a4611c2917', '{\"generic\": 0, \"vendorProductName\": \"Windows Server version 20H2\"}', 1, 44, 'msft', now(), now()),
(232, 'Windows Server Technical Preview', '', '', '', '6f2f42e0-a296-bfb7-0072-d0eb101bda20', '{\"generic\": 1, \"vendorProductName\": \"Windows Server Technical Preview\"}', 1, 45, 'msft', now(), now()),
(233, 'Windows Storage Server 2012', '', '', '', 'aa160df9-030d-7680-00c5-7aa62c9e742c', '{\"generic\": 1, \"vendorProductName\": \"Windows Storage Server 2012\"}', 0, 46, 'msft', now(), now()),
(234, 'Windows Storage Server 2012 Standard', '', '', '', 'af1c6d8f-20e3-8c09-fc20-d88c7cc60ac8', '{\"generic\": 0, \"vendorProductName\": \"Windows Storage Server 2012\"}', 0, 46, 'msft', now(), now()),
(235, 'Windows MultiPoint Server', '', '', '', 'c60f0c2e-6f42-0e6e-aa76-edc71044f36c', '{\"generic\": 1, \"vendorProductName\": \"Windows MultiPoint Server\"}', 0, 47, 'msft', now(), now()),
(236, 'Windows Multipoint Server 2012 Premium', '', '', '', '53763c93-2297-ca55-31c7-ee29fa410b6d', '{\"generic\": 0, \"vendorProductName\": \"Windows MultiPoint Server\"}', 0, 47, 'msft', now(), now()),
(237, 'Windows MultiPoint Server 2011 Premium', '', '', '', '8ef1de45-40d5-f86b-15f7-62284227b785', '{\"generic\": 0, \"vendorProductName\": \"Windows MultiPoint Server\"}', 0, 47, 'msft', now(), now()),
(238, 'Windows MultiPoint Server 2011 Standard', '', '', '', '9b7524f3-de3e-abe2-752a-d2bd9fdf209a', '{\"generic\": 0, \"vendorProductName\": \"Windows MultiPoint Server\"}', 0, 47, 'msft', now(), now()),
(239, 'Windows MultiPoint Server 2010 Academic', '', '', '', '99bd1b46-f363-a544-f1d5-91d6eaf03121', '{\"generic\": 0, \"vendorProductName\": \"Windows MultiPoint Server\"}', 0, 47, 'msft', now(), now()),
(240, 'Windows Server 2003', '', '', '', 'ae069acb-3a26-7c80-1d38-8e1fb1a3bca3', '{\"generic\": 1, \"vendorProductName\": \"Windows Server 2003\"}', 1, 48, 'msft', now(), now()),
(241, 'Microsoft Windows Server 2003 R2 Datacenter Edition with Service Pack 2', '', 'osLIKEWindows 2003^os_versionSTARTSWITH5.2.3790.3', 'cmdb_ci_computer', 'e8677163-ed17-47f7-cb64-4ce3780b093b', '{\"generic\": 0, \"vendorProductName\": \"Windows Server 2003\"}', 1, 48, 'msft', now(), now()),
(242, 'Windows Server 2003 SP2', '', 'osLIKEWindows 2003^os_versionSTARTSWITH5.2.3790.3', 'cmdb_ci_computer', '69df2734-8d6a-8931-9bff-e1502a171f3c', '{\"generic\": 0, \"vendorProductName\": \"Windows Server 2003\"}', 1, 48, 'msft', now(), now()),
(243, 'Windows Storage Server 2008 R2', '', '', '', '51cf152a-d287-2d87-fcf2-ea383e2945ad', '{\"generic\": 1, \"vendorProductName\": \"Windows Storage Server 2008 R2\"}', 1, 49, 'msft', now(), now()),
(244, 'Windows Storage Server 2008 R2 Essentials', '', '', '', '66cae221-6eec-46b4-9182-5d31f89de078', '{\"generic\": 0, \"vendorProductName\": \"Windows Storage Server 2008 R2\"}', 1, 49, 'msft', now(), now()),
(245, 'Windows Storage Server 2008 R2', '', '', '', '3ba667a6-f7cb-db14-676e-ea2c2b8a5100', '{\"generic\": 0, \"vendorProductName\": \"Windows Storage Server 2008 R2\"}', 0, 49, 'msft', now(), now()),
(246, 'Windows Server Containers', '', '', '', '5053670b-db2b-4046-8c25-f6ae7e361963', '{\"generic\": 1, \"vendorProductName\": \"Windows Server Containers\"}', 0, 50, 'msft', now(), now()),
(247, 'SQL Server 2019', '', '', '', '8a4d2fb9-5511-724d-ad71-597ab0f9f032', '{\"generic\": 1, \"vendorProductName\": \"SQL Server 2019\"}', 1, 51, 'msft', now(), now()),
(248, 'SQL Server 2017 on Windows', '', '', '', 'cb54dbc0-87de-5eaa-8ca9-f35997ca84eb', '{\"generic\": 1, \"vendorProductName\": \"SQL Server 2017 on Windows\"}', 1, 52, 'msft', now(), now()),
(249, 'SQL Server 2017 Enterprise Core on Windows', '', 'versionSTARTSWITH15.0.2^ORversionSTARTSWITH15.0.4', 'cmdb_ci_db_mssql_instance', '1a9575af-7834-4930-592f-f2d1990be1d5', '{\"generic\": 0, \"vendorProductName\": \"SQL Server 2017 on Windows\"}', 1, 52, 'msft', now(), now()),
(250, 'SQL Server 2017 Enterprise on Windows', '', 'versionSTARTSWITH15.0.2^ORversionSTARTSWITH15.0.4', 'cmdb_ci_db_mssql_instance', '49526ac0-f41d-071a-5093-e3cdb327854e', '{\"generic\": 0, \"vendorProductName\": \"SQL Server 2017 on Windows\"}', 1, 52, 'msft', now(), now()),
(251, 'SQL Server 2017 Developer on Windows', '', 'versionSTARTSWITH15.0.2^ORversionSTARTSWITH15.0.4', 'cmdb_ci_db_mssql_instance', '5fc4e129-4baf-6994-e9e8-0925ebb802d4', '{\"generic\": 0, \"vendorProductName\": \"SQL Server 2017 on Windows\"}', 1, 52, 'msft', now(), now()),
(252, 'SQL Server 2017 Standard on Windows', '', 'versionSTARTSWITH15.0.2^ORversionSTARTSWITH15.0.4', 'cmdb_ci_db_mssql_instance', '6fbdc16d-f36c-6fd1-5395-18394d31ea40', '{\"generic\": 0, \"vendorProductName\": \"SQL Server 2017 on Windows\"}', 1, 52, 'msft', now(), now()),
(253, 'SQL Server 2017 on Windows (all editions)', '', '', '', 'ea9c19fa-074e-c475-7bf1-7cbc703d237f', '{\"generic\": 0, \"vendorProductName\": \"SQL Server 2017 on Windows\"}', 0, 52, 'msft', now(), now()),
(254, 'SQL Server 2017 Developer', '', 'versionSTARTSWITH15.0.2^ORversionSTARTSWITH15.0.4', 'cmdb_ci_db_mssql_instance', '38609259-0cc6-fea5-6c30-2f12a0ebd0cd', '{\"generic\": 0, \"vendorProductName\": \"SQL Server 2017 on Windows\"}', 1, 52, 'msft', now(), now()),
(255, 'SQL Server 2017 Enterprise Core', '', 'versionSTARTSWITH15.0.2^ORversionSTARTSWITH15.0.4', 'cmdb_ci_db_mssql_instance', '82df995a-3350-a4ab-6448-c8a7b5cfb64e', '{\"generic\": 0, \"vendorProductName\": \"SQL Server 2017 on Windows\"}', 1, 52, 'msft', now(), now()),
(256, 'SQL Server 2017 Enterprise', '', 'versionSTARTSWITH15.0.2^ORversionSTARTSWITH15.0.4', 'cmdb_ci_db_mssql_instance', 'fc595c8f-43a8-7bb1-8e9e-527079f9aa8b', '{\"generic\": 0, \"vendorProductName\": \"SQL Server 2017 on Windows\"}', 1, 52, 'msft', now(), now()),
(257, 'SQL Server 2017 Analysis Services (SSAS) Windows', '', 'versionSTARTSWITH14.0.1^ORversionSTARTSWITH14.0.2^ORversionSTARTSWITH14.0.3', 'cmdb_ci_db_mssql_instance', '0cae5dfe-f79b-ea49-0600-46898d355029', '{\"generic\": 0, \"vendorProductName\": \"SQL Server 2017 on Windows\"}', 1, 52, 'msft', now(), now()),
(258, 'SQL Server 2017 Enterprise Core Windows', '', 'versionSTARTSWITH15.0.2^ORversionSTARTSWITH15.0.4', 'cmdb_ci_db_mssql_instance', '75f79406-5d69-62f0-0721-69c23b60a0c0', '{\"generic\": 0, \"vendorProductName\": \"SQL Server 2017 on Windows\"}', 1, 52, 'msft', now(), now()),
(259, 'SQL Server 2017 Developer Windows', '', 'versionSTARTSWITH15.0.2^ORversionSTARTSWITH15.0.4', 'cmdb_ci_db_mssql_instance', 'afba116b-703e-692d-775b-ff44fcf95f29', '{\"generic\": 0, \"vendorProductName\": \"SQL Server 2017 on Windows\"}', 1, 52, 'msft', now(), now()),
(260, 'SQL Server 2017 Enterprise Windows', '', 'versionSTARTSWITH15.0.2^ORversionSTARTSWITH15.0.4', 'cmdb_ci_db_mssql_instance', 'b3cbb6a6-4a1e-ce36-122d-d25d4e67f06e', '{\"generic\": 0, \"vendorProductName\": \"SQL Server 2017 on Windows\"}', 1, 52, 'msft', now(), now()),
(261, 'SQL Server 2017 Standard Windows', '', 'versionSTARTSWITH15.0.2^ORversionSTARTSWITH15.0.4', 'cmdb_ci_db_mssql_instance', '05248733-fd78-8684-e925-bd3a4faaa4cc', '{\"generic\": 0, \"vendorProductName\": \"SQL Server 2017 on Windows\"}', 1, 52, 'msft', now(), now()),
(262, 'SQL Server 2016', '', '', '', 'd201c5bd-9aab-36d1-0e57-5dadf52a6dad', '{\"generic\": 1, \"vendorProductName\": \"SQL Server 2016\"}', 1, 53, 'msft', now(), now()),
(263, 'SQL Server 2016 Enterprise Core', '', '', '', '0b30ec40-b667-1ea8-6613-0ff96ad3df30', '{\"generic\": 0, \"vendorProductName\": \"SQL Server 2016\"}', 0, 53, 'msft', now(), now()),
(264, 'SQL Server 2016 Service Pack 1', '', 'versionSTARTSWITH13.0.4^ORversionSTARTSWITH13.1.4', 'cmdb_ci_db_mssql_instance', '3c8b85be-f8e1-fa39-7f5b-decbdb2b29f5', '{\"generic\": 0, \"vendorProductName\": \"SQL Server 2016\"}', 1, 53, 'msft', now(), now()),
(265, 'SQL Server 2016 Standard', '', '', '', '585073d3-e975-aae0-4b50-19ecf78835f9', '{\"generic\": 0, \"vendorProductName\": \"SQL Server 2016\"}', 0, 53, 'msft', now(), now()),
(266, 'SQL Server 2016 Developer', '', '', '', '60be2da9-cb60-2455-9943-cb165a80a4d4', '{\"generic\": 0, \"vendorProductName\": \"SQL Server 2016\"}', 0, 53, 'msft', now(), now()),
(267, 'SQL Server 2016 Enterprise', '', '', '', '8d2e5e95-98e1-5e4a-ea26-ec07ffd932c0', '{\"generic\": 0, \"vendorProductName\": \"SQL Server 2016\"}', 0, 53, 'msft', now(), now()),
(268, 'SQL Server 2016 Business Intelligence', '', '', '', '1dfff0d5-8415-b183-47f2-5521eef9123a', '{\"generic\": 0, \"vendorProductName\": \"SQL Server 2016\"}', 0, 53, 'msft', now(), now()),
(269, 'SQL Server 2016 Express', '', '', '', '2c0bc487-40b1-a287-4862-83028a05c514', '{\"generic\": 0, \"vendorProductName\": \"SQL Server 2016\"}', 0, 53, 'msft', now(), now()),
(270, 'SQL Server 2016 Web', '', '', '', '3adad2a0-007c-a336-70f7-dbfa3387b8b4', '{\"generic\": 0, \"vendorProductName\": \"SQL Server 2016\"}', 0, 53, 'msft', now(), now()),
(271, 'SQL Server 2016 Service Pack 2', '', '', '', '51209515-8065-e126-2adb-37fb977de545', '{\"generic\": 0, \"vendorProductName\": \"SQL Server 2016\"}', 0, 53, 'msft', now(), now()),
(272, 'SQL Server 2016 Analysis Services (SSAS)', '', '', '', '3bb19993-3345-9313-9c9f-0d3af2b03325', '{\"generic\": 0, \"vendorProductName\": \"SQL Server 2016\"}', 0, 53, 'msft', now(), now()),
(273, 'SQL Server 2008 R2', '', 'versionSTARTSWITH10.5', 'cmdb_ci_db_mssql_instance', '37b3fc1f-acbf-4eb3-19a5-ecc7176f451f', '{\"generic\": 1, \"vendorProductName\": \"SQL Server 2008 R2\"}', 1, 54, 'msft', now(), now()),
(274, 'SQL Server 2008 R2 PowerPivot for Excel 2010', '', 'versionSTARTSWITH10.50.1', 'cmdb_ci_db_mssql_instance', '9803ecdd-677a-af0a-5818-955442e931e2', '{\"generic\": 0, \"vendorProductName\": \"SQL Server 2008 R2\"}', 1, 54, 'msft', now(), now()),
(275, 'SQL Server 2008 R2 Service Pack 1', '', 'versionSTARTSWITH10.50.2^ORversionSTARTSWITH10.51.2', 'cmdb_ci_db_mssql_instance', '428f1d77-89a6-c2cb-6390-51fe8726013e', '{\"generic\": 0, \"vendorProductName\": \"SQL Server 2008 R2\"}', 1, 54, 'msft', now(), now()),
(276, 'SQL Server 2008 R2 Workgroup', '', 'versionSTARTSWITH10.50.1', 'cmdb_ci_db_mssql_instance', '387e0fed-f947-4ad8-4688-3f144f64e258', '{\"generic\": 0, \"vendorProductName\": \"SQL Server 2008 R2\"}', 1, 54, 'msft', now(), now()),
(277, 'SQL Server 2008 R2 Enterprise', '', 'versionSTARTSWITH10.50.1', 'cmdb_ci_db_mssql_instance', '6a883f1b-5eb1-7ed4-100a-2f9770863c88', '{\"generic\": 0, \"vendorProductName\": \"SQL Server 2008 R2\"}', 1, 54, 'msft', now(), now()),
(278, 'SQL Server 2008 R2 Express', '', 'versionSTARTSWITH10.50.1', 'cmdb_ci_db_mssql_instance', '7b312f7f-d6c2-d82e-5353-3a00d42306db', '{\"generic\": 0, \"vendorProductName\": \"SQL Server 2008 R2\"}', 1, 54, 'msft', now(), now()),
(279, 'SQL Server 2008 R2 Datacenter', '', 'versionSTARTSWITH10.50.1', 'cmdb_ci_db_mssql_instance', '7ef5dc47-8961-0081-8ad5-03d6fae5f058', '{\"generic\": 0, \"vendorProductName\": \"SQL Server 2008 R2\"}', 1, 54, 'msft', now(), now()),
(280, 'SQL Server 2008 R2 Developer', '', 'versionSTARTSWITH10.50.1', 'cmdb_ci_db_mssql_instance', '8ae30419-a10e-e680-da15-5b03b57cb629', '{\"generic\": 0, \"vendorProductName\": \"SQL Server 2008 R2\"}', 1, 54, 'msft', now(), now()),
(281, 'SQL Server 2008 R2 Web', '', 'versionSTARTSWITH10.50.1', 'cmdb_ci_db_mssql_instance', '95b5211e-3462-ec08-2efe-ab8da47e0adb', '{\"generic\": 0, \"vendorProductName\": \"SQL Server 2008 R2\"}', 1, 54, 'msft', now(), now()),
(282, 'SQL Server 2008 R2 Standard', '', 'versionSTARTSWITH10.50.1', 'cmdb_ci_db_mssql_instance', 'e462f769-a38c-c3e3-17b7-4ea54c741618', '{\"generic\": 0, \"vendorProductName\": \"SQL Server 2008 R2\"}', 1, 54, 'msft', now(), now()),
(283, 'SQL Server 2008 R2 Express with Advanced Services', '', 'versionSTARTSWITH10.50.1', 'cmdb_ci_db_mssql_instance', 'e5021be9-2199-7060-5901-4f3a19c2e77c', '{\"generic\": 0, \"vendorProductName\": \"SQL Server 2008 R2\"}', 1, 54, 'msft', now(), now()),
(284, 'SQL Server 2008 R2 Standard Edition for Small Business', '', 'versionSTARTSWITH10.50.1', 'cmdb_ci_db_mssql_instance', 'ff56daad-c006-5464-5535-8dd86f99f409', '{\"generic\": 0, \"vendorProductName\": \"SQL Server 2008 R2\"}', 1, 54, 'msft', now(), now()),
(285, 'SQL Server 2008 R2 Service Pack 2', '', 'versionSTARTSWITH10.50.4^ORversionSTARTSWITH10.52.4', 'cmdb_ci_db_mssql_instance', '73e8ed21-d87e-5e5a-b1db-41af03a3be7d', '{\"generic\": 0, \"vendorProductName\": \"SQL Server 2008 R2\"}', 1, 54, 'msft', now(), now()),
(286, 'SQL Server 2008 R2 Service Pack 3', '', 'versionSTARTSWITH10.50.6^ORversionSTARTSWITH10.53.6', 'cmdb_ci_db_mssql_instance', '94b2510a-e4f3-f249-ddc1-456a34de0ca1', '{\"generic\": 0, \"vendorProductName\": \"SQL Server 2008 R2\"}', 1, 54, 'msft', now(), now()),
(287, 'Microsoft SQL Server', '', '', '', 'c087c975-401e-75dc-581d-ed3c013d223c', '{\"generic\": 1, \"vendorProductName\": \"Microsoft SQL Server\"}', 1, 55, 'msft', now(), now()),
(288, 'SQL Server 2008', '', 'versionSTARTSWITH10.0.', 'cmdb_ci_db_mssql_instance', '1bd783e3-ced6-b80a-fa91-dc95ef9055fa', '{\"generic\": 1, \"vendorProductName\": \"SQL Server 2008\"}', 1, 56, 'msft', now(), now()),
(289, 'SQL Server 2008 Express', '', 'versionSTARTSWITH10.0.1', 'cmdb_ci_db_mssql_instance', '2b5e2ad9-69e4-8380-ba03-f485d20177c0', '{\"generic\": 0, \"vendorProductName\": \"SQL Server 2008\"}', 1, 56, 'msft', now(), now()),
(290, 'SQL Server 2008 Standard', '', 'versionSTARTSWITH10.0.1', 'cmdb_ci_db_mssql_instance', '5a000d78-cdb7-2881-a413-bc989f0c27dd', '{\"generic\": 0, \"vendorProductName\": \"SQL Server 2008\"}', 1, 56, 'msft', now(), now()),
(291, 'SQL Server 2008 Service Pack 2', '', 'versionSTARTSWITH10.0.4^ORversionSTARTSWITH10.2.4', 'cmdb_ci_db_mssql_instance', '6073a55e-77da-96c6-eeb8-df2a6f82468e', '{\"generic\": 0, \"vendorProductName\": \"SQL Server 2008\"}', 1, 56, 'msft', now(), now()),
(292, 'SQL Server 2008 Express with Advanced Services', '', 'versionSTARTSWITH10.0.1', 'cmdb_ci_db_mssql_instance', '66c1d966-96a0-6dbc-108f-3d1233e09bbc', '{\"generic\": 0, \"vendorProductName\": \"SQL Server 2008\"}', 1, 56, 'msft', now(), now()),
(293, 'SQL Server 2008 Enterprise', '', 'versionSTARTSWITH10.0.1', 'cmdb_ci_db_mssql_instance', '6f2fb15d-1fed-9d25-c6f2-c2391ac1a70b', '{\"generic\": 0, \"vendorProductName\": \"SQL Server 2008\"}', 1, 56, 'msft', now(), now()),
(294, 'SQL Server 2008 Web', '', 'versionSTARTSWITH10.0.1', 'cmdb_ci_db_mssql_instance', '990a9d9d-e034-c749-c1c3-fbc0fad226ea', '{\"generic\": 0, \"vendorProductName\": \"SQL Server 2008\"}', 1, 56, 'msft', now(), now()),
(295, 'SQL Server 2008 Workgroup', '', 'versionSTARTSWITH10.0.1', 'cmdb_ci_db_mssql_instance', 'ab5a501e-66ff-e7be-8bb4-79ef2991765d', '{\"generic\": 0, \"vendorProductName\": \"SQL Server 2008\"}', 0, 56, 'msft', now(), now()),
(296, 'SQL Server 2008 Standard Edition for Small Business', '', 'versionSTARTSWITH10.0.1', 'cmdb_ci_db_mssql_instance', 'ce6c3bde-0858-2875-91e8-ed53043a1717', '{\"generic\": 0, \"vendorProductName\": \"SQL Server 2008\"}', 1, 56, 'msft', now(), now()),
(297, 'SQL Server 2008 Developer', '', 'versionSTARTSWITH10.0.1', 'cmdb_ci_db_mssql_instance', 'e4714661-8e59-5ffd-075b-4447b2c1f2f5', '{\"generic\": 0, \"vendorProductName\": \"SQL Server 2008\"}', 1, 56, 'msft', now(), now()),
(298, 'SQL Server 2008 Service Pack 3', '', 'versionSTARTSWITH10.0.5^ORversionSTARTSWITH10.3.5', 'cmdb_ci_db_mssql_instance', '52641813-09e6-88d5-efbf-de6641bf537d', '{\"generic\": 0, \"vendorProductName\": \"SQL Server 2008\"}', 1, 56, 'msft', now(), now()),
(299, 'SQL Server 2008 Service Pack 4', '', 'versionSTARTSWITH10.0.6^ORversionSTARTSWITH10.4.6', 'cmdb_ci_db_mssql_instance', 'ee98888d-c43f-2d5b-4679-af593d457865', '{\"generic\": 0, \"vendorProductName\": \"SQL Server 2008\"}', 1, 56, 'msft', now(), now()),
(300, 'SQL Server 2012', '', 'versionSTARTSWITH11.0.', 'cmdb_ci_db_mssql_instance', '46e07963-fb26-21dd-71e5-72eaa8770f73', '{\"generic\": 1, \"vendorProductName\": \"SQL Server 2012\"}', 1, 57, 'msft', now(), now()),
(301, 'SQL Server 2012 Enterprise', '', 'versionSTARTSWITH11.0.2', 'cmdb_ci_db_mssql_instance', '33cc8830-691e-3a7b-a996-e16a8d032592', '{\"generic\": 0, \"vendorProductName\": \"SQL Server 2012\"}', 1, 57, 'msft', now(), now()),
(302, 'SQL Server 2012 Standard', '', 'versionSTARTSWITH11.0.2', 'cmdb_ci_db_mssql_instance', '837f2462-873c-fbb5-5ee7-19c380a714b7', '{\"generic\": 0, \"vendorProductName\": \"SQL Server 2012\"}', 1, 57, 'msft', now(), now()),
(303, 'SQL Server 2012 Developer', '', 'versionSTARTSWITH11.0.2', 'cmdb_ci_db_mssql_instance', 'df597b59-d7dc-0f78-68d3-2c8c8052287d', '{\"generic\": 0, \"vendorProductName\": \"SQL Server 2012\"}', 1, 57, 'msft', now(), now()),
(304, 'SQL Server 2012 Web', '', 'versionSTARTSWITH11.0.2', 'cmdb_ci_db_mssql_instance', 'e491f659-013d-47df-fb6b-c26fce6de2ae', '{\"generic\": 0, \"vendorProductName\": \"SQL Server 2012\"}', 1, 57, 'msft', now(), now()),
(305, 'SQL Server 2012 Service Pack 3', '', 'versionSTARTSWITH11.0.6^ORversionSTARTSWITH11.3.6', 'cmdb_ci_db_mssql_instance', 'a18bfb5a-f085-da4a-b05c-8dc71c41568d', '{\"generic\": 0, \"vendorProductName\": \"SQL Server 2012\"}', 1, 57, 'msft', now(), now()),
(306, 'SQL Server 2012 Enterprise Core', '', 'versionSTARTSWITH11.0.2', 'cmdb_ci_db_mssql_instance', 'b45387fb-bf93-ec3c-e93e-622d23f08c14', '{\"generic\": 0, \"vendorProductName\": \"SQL Server 2012\"}', 1, 57, 'msft', now(), now()),
(307, 'SQL Server 2012 Express', '', 'versionSTARTSWITH11.0.2', 'cmdb_ci_db_mssql_instance', '11498311-ab8c-ca3d-512e-e64c63c9d29b', '{\"generic\": 0, \"vendorProductName\": \"SQL Server 2012\"}', 1, 57, 'msft', now(), now()),
(308, 'SQL Server 2012 Business Intelligence', '', 'versionSTARTSWITH11.0.2', 'cmdb_ci_db_mssql_instance', 'a3a0ffe6-d8c5-6e00-dc91-35660ebea3a3', '{\"generic\": 0, \"vendorProductName\": \"SQL Server 2012\"}', 1, 57, 'msft', now(), now()),
(309, 'SQL Server 2012 Analysis Services', '', 'versionSTARTSWITH11.0.2', 'cmdb_ci_db_mssql_instance', 'ec21f315-25be-1daa-b9f5-6e64b7c07ef9', '{\"generic\": 0, \"vendorProductName\": \"SQL Server 2012\"}', 1, 57, 'msft', now(), now()),
(310, 'SQL Server 2012 Parallel Data Warehouse', '', 'versionSTARTSWITH11.0.2', 'cmdb_ci_db_mssql_instance', '3b29c131-6770-188f-8354-574a0e8e8062', '{\"generic\": 0, \"vendorProductName\": \"SQL Server 2012\"}', 1, 57, 'msft', now(), now()),
(311, 'SQL Server 2012 Service Pack 4', '', 'versionSTARTSWITH11.0.7^ORversionSTARTSWITH11.4.7', 'cmdb_ci_db_mssql_instance', '37d2f520-c4c3-2226-94d5-b9a0ac495d1b', '{\"generic\": 0, \"vendorProductName\": \"SQL Server 2012\"}', 1, 57, 'msft', now(), now()),
(312, 'SQL Server 2012 for Embedded Systems', '', 'versionSTARTSWITH11.0.2', 'cmdb_ci_db_mssql_instance', '37280e95-b91b-f80f-c6f9-cfa7b127125f', '{\"generic\": 0, \"vendorProductName\": \"SQL Server 2012\"}', 1, 57, 'msft', now(), now()),
(313, 'SQL Server 2012 Standard JA', '', 'versionSTARTSWITH11.0.2', 'cmdb_ci_db_mssql_instance', 'e5206382-4463-c406-4e24-1e6205867b2d', '{\"generic\": 0, \"vendorProductName\": \"SQL Server 2012\"}', 1, 57, 'msft', now(), now()),
(314, 'SQL Server 2012 Analysis Services (SSAS)', '', 'versionSTARTSWITH11.0.2', 'cmdb_ci_db_mssql_instance', '08748731-fcba-45d1-75a8-a3f5655debfb', '{\"generic\": 0, \"vendorProductName\": \"SQL Server 2012\"}', 1, 57, 'msft', now(), now()),
(315, 'SQL Server 2010', '', '', '', '825444f0-c496-e3db-8edd-71ebe9ee2f5a', '{\"generic\": 1, \"vendorProductName\": \"SQL Server 2010\"}', 1, 58, 'msft', now(), now()),
(316, 'Microsoft SQL Server 2005', '', 'versionSTARTSWITH9.0\n', 'cmdb_ci_db_mssql_instance', 'd0315c93-9699-5c0d-8fde-8411c15c8472', '{\"generic\": 1, \"vendorProductName\": \"Microsoft SQL Server 2005\"}', 1, 59, 'msft', now(), now()),
(317, 'Microsoft SQL Server 2005 Standard X64 Edition', '', 'versionSTARTSWITH9.0.1', 'cmdb_ci_db_mssql_instance', '20cd473a-b390-4a11-bbc8-236f3a694da5', '{\"generic\": 0, \"vendorProductName\": \"Microsoft SQL Server 2005\"}', 1, 59, 'msft', now(), now()),
(318, 'Microsoft SQL Server 2005 Express Edition with Advanced Services', '', 'versionSTARTSWITH9.0.1', 'cmdb_ci_db_mssql_instance', '21e2c5ea-9ac6-ab7d-46a5-8612b4c62f69', '{\"generic\": 0, \"vendorProductName\": \"Microsoft SQL Server 2005\"}', 1, 59, 'msft', now(), now()),
(319, 'Microsoft SQL Server 2005 Express Edition', '', 'versionSTARTSWITH9.0.1', 'cmdb_ci_db_mssql_instance', '4a3c5e5f-a0ba-bcfe-fa2f-dbb8427ffa33', '{\"generic\": 0, \"vendorProductName\": \"Microsoft SQL Server 2005\"}', 1, 59, 'msft', now(), now()),
(320, 'Microsoft SQL Server 2005 Developer Edition', '', 'versionSTARTSWITH9.0.1', 'cmdb_ci_db_mssql_instance', '55e1111b-da53-9d53-9781-cacca0a15eae', '{\"generic\": 0, \"vendorProductName\": \"Microsoft SQL Server 2005\"}', 1, 59, 'msft', now(), now()),
(321, 'Microsoft SQL Server 2005 Standard Edition', '', 'versionSTARTSWITH9.0.1', 'cmdb_ci_db_mssql_instance', '8cdba906-28d5-29ae-f6ed-83feff0f5ea5', '{\"generic\": 0, \"vendorProductName\": \"Microsoft SQL Server 2005\"}', 1, 59, 'msft', now(), now()),
(322, 'Microsoft SQL Server 2005 Workgroup Edition', '', 'versionSTARTSWITH9.0.1', 'cmdb_ci_db_mssql_instance', '902d77e2-e57c-fd06-8e21-3435be56542a', '{\"generic\": 0, \"vendorProductName\": \"Microsoft SQL Server 2005\"}', 1, 59, 'msft', now(), now()),
(323, 'Microsoft SQL Server 2005 Service Pack 2', '', 'versionSTARTSWITH9.0.3', 'cmdb_ci_db_mssql_instance', '9e911b10-2750-b44f-63ce-94fd3945732d', '{\"generic\": 0, \"vendorProductName\": \"Microsoft SQL Server 2005\"}', 1, 59, 'msft', now(), now()),
(324, 'Microsoft SQL Server 2005 Service Pack 3', '', 'versionSTARTSWITH9.0.4', 'cmdb_ci_db_mssql_instance', '9ef7517f-ba5e-2f3f-c7a9-91fea559e9f6', '{\"generic\": 0, \"vendorProductName\": \"Microsoft SQL Server 2005\"}', 1, 59, 'msft', now(), now()),
(325, 'Microsoft SQL Server 2005 Enterprise Edition', '', 'versionSTARTSWITH9.0.1', 'cmdb_ci_db_mssql_instance', 'b251c4d7-c29b-bbcf-920e-2357a1929706', '{\"generic\": 0, \"vendorProductName\": \"Microsoft SQL Server 2005\"}', 1, 59, 'msft', now(), now()),
(326, 'Microsoft SQL Server 2005 Enterprise X64 Edition', '', 'versionSTARTSWITH9.0.1', 'cmdb_ci_db_mssql_instance', 'e3b401c3-f998-0562-5b56-a027cad1f639', '{\"generic\": 0, \"vendorProductName\": \"Microsoft SQL Server 2005\"}', 1, 59, 'msft', now(), now()),
(327, 'Microsoft SQL Server 2005 Service Pack 4', '', 'versionSTARTSWITH9.0.5', 'cmdb_ci_db_mssql_instance', '543a4133-e620-8051-d084-86fceee4d572', '{\"generic\": 0, \"vendorProductName\": \"Microsoft SQL Server 2005\"}', 1, 59, 'msft', now(), now()),
(328, 'Microsoft SQL Server 2005 Evaluation Edition', '', 'versionSTARTSWITH9.0.1', 'cmdb_ci_db_mssql_instance', '3be04480-2886-54f6-4053-b1b4f680e5a1', '{\"generic\": 0, \"vendorProductName\": \"Microsoft SQL Server 2005\"}', 1, 59, 'msft', now(), now()),
(329, 'SQL Server Compact 3.5 Service Pack 2', '', 'versionSTARTSWITH3.5.8', 'cmdb_ci_db_mssql_instance', '390eebab-3ae8-8582-ac75-167020f44a62', '{\"generic\": 0, \"vendorProductName\": \"Microsoft SQL Server 2005\"}', 1, 59, 'msft', now(), now()),
(330, 'Microsoft SQL Server Compact 3.5', '', '', '', '63e428fd-b5e3-ac7d-3dad-f71ed20f79fb', '{\"generic\": 0, \"vendorProductName\": \"Microsoft SQL Server 2005\"}', 0, 59, 'msft', now(), now()),
(331, 'Microsoft SQL Server 2005 Compact Edition', '', 'versionSTARTSWITH9.0.1', 'cmdb_ci_db_mssql_instance', '5a73ebda-0867-cfac-bdbe-75c202f01df5', '{\"generic\": 0, \"vendorProductName\": \"Microsoft SQL Server 2005\"}', 1, 60, 'msft', now(), now()),
(332, 'SQL Server 2014', '', '', '', 'f1ed6e00-d499-182c-117c-a4d297fee6f7', '{\"generic\": 1, \"vendorProductName\": \"SQL Server 2014\"}', 1, 60, 'msft', now(), now()),
(333, 'SQL Server 2014 Developer', '', 'versionSTARTSWITH12.0.2', 'cmdb_ci_db_mssql_instance', '02bb77db-744e-aec2-6cf9-a2f405fa2ec2', '{\"generic\": 0, \"vendorProductName\": \"SQL Server 2014\"}', 1, 60, 'msft', now(), now()),
(334, 'SQL Server 2014 Enterprise', '', 'versionSTARTSWITH12.0.2', 'cmdb_ci_db_mssql_instance', '7697e48a-517e-cc01-e4ea-c4e73ef2b886', '{\"generic\": 0, \"vendorProductName\": \"SQL Server 2014\"}', 1, 60, 'msft', now(), now()),
(335, 'SQL Server 2014 Service Pack 2', '', 'versionSTARTSWITH12.0.5^ORversionSTARTSWITH12.2.5', 'cmdb_ci_db_mssql_instance', 'a777f5b2-da75-39fa-a0fd-cc81e13051b0', '{\"generic\": 0, \"vendorProductName\": \"SQL Server 2014\"}', 1, 60, 'msft', now(), now()),
(336, 'SQL Server 2014 Standard', '', 'versionSTARTSWITH12.0.2', 'cmdb_ci_db_mssql_instance', 'f2faac7e-2126-9910-fa56-88562eb259e7', '{\"generic\": 0, \"vendorProductName\": \"SQL Server 2014\"}', 1, 60, 'msft', now(), now()),
(337, 'SQL Server 2014 Enterprise Core', '', 'versionSTARTSWITH12.0.2', 'cmdb_ci_db_mssql_instance', '05b5407e-997c-d005-125b-1b43046992de', '{\"generic\": 0, \"vendorProductName\": \"SQL Server 2014\"}', 1, 60, 'msft', now(), now()),
(338, 'SQL Server 2014 Express', '', 'versionSTARTSWITH12.0.2', 'cmdb_ci_db_mssql_instance', '258c7a26-a4d0-421c-3191-9895309dec38', '{\"generic\": 0, \"vendorProductName\": \"SQL Server 2014\"}', 1, 60, 'msft', now(), now()),
(339, 'SQL Server 2014 Web', '', 'versionSTARTSWITH12.0.2', 'cmdb_ci_db_mssql_instance', '48752fee-c3e3-83fc-ee3c-e17e31c0f385', '{\"generic\": 0, \"vendorProductName\": \"SQL Server 2014\"}', 1, 60, 'msft', now(), now()),
(340, 'SQL Server 2014 Business Intelligence', '', 'versionSTARTSWITH12.0.2', 'cmdb_ci_db_mssql_instance', '63f6a0df-0b99-54c5-c41a-286c26c64653', '{\"generic\": 0, \"vendorProductName\": \"SQL Server 2014\"}', 1, 60, 'msft', now(), now()),
(341, 'SQL Server 2014 Analysis Services (SSAS)', '', '', '', 'b2a13834-3200-1a7d-3a1b-1e19e75e5061', '{\"generic\": 0, \"vendorProductName\": \"SQL Server 2014\"}', 0, 60, 'msft', now(), now()),
(342, 'SQL Server 2019 on Windows', '', '', '', 'b156a343-565e-04e7-12c0-4f9ec6439c4a', '{\"generic\": 1, \"vendorProductName\": \"SQL Server 2019 on Windows\"}', 1, 61, 'msft', now(), now()),
(343, 'SQL Server 2019 Analysis Services (SSAS) Windows', '', 'versionSTARTSWITH15.0.2^ORversionSTARTSWITH15.0.4', 'cmdb_ci_db_mssql_instance', '4a1f5a62-331b-85d6-1e9c-5e72b81dffe3', '{\"generic\": 0, \"vendorProductName\": \"SQL Server 2019 on Windows\"}', 1, 61, 'msft', now(), now()),
(344, 'SQL Server 2017 on Linux', '', '', '', '708afb1e-5627-aaaa-777a-74bfd26c8673', '{\"generic\": 1, \"vendorProductName\": \"SQL Server 2017 on Linux\"}', 1, 62, 'msft', now(), now()),
(345, 'SQL Server 2017 on Linux (all editions)', '', '', '', '931222b1-aa30-01e9-9ebd-4a3517c41758', '{\"generic\": 0, \"vendorProductName\": \"SQL Server 2017 on Linux\"}', 0, 62, 'msft', now(), now()),
(346, 'SQL Server 2017 Standard on Linux', '', 'versionSTARTSWITH15.0.2^ORversionSTARTSWITH15.0.4', 'cmdb_ci_db_mssql_instance', '6e266425-d7ee-2c0d-b1af-6ca032856cb7', '{\"generic\": 0, \"vendorProductName\": \"SQL Server 2017 on Linux\"}', 1, 62, 'msft', now(), now()),
(347, 'SQL Server 2017 Developer Linux', '', 'versionSTARTSWITH15.0.2^ORversionSTARTSWITH15.0.4', 'cmdb_ci_db_mssql_instance', '7636665a-21e1-c27f-a4a0-0a67d21c8a44', '{\"generic\": 0, \"vendorProductName\": \"SQL Server 2017 on Linux\"}', 1, 62, 'msft', now(), now()),
(348, 'SQL Server 2017 Enterprise on Linux', '', 'versionSTARTSWITH15.0.2^ORversionSTARTSWITH15.0.4', 'cmdb_ci_db_mssql_instance', '8fe31ae2-be61-eaf6-2390-f44d821868aa', '{\"generic\": 0, \"vendorProductName\": \"SQL Server 2017 on Linux\"}', 1, 62, 'msft', now(), now()),
(349, 'SQL Server 2017 Enterprise Core on Linux', '', 'versionSTARTSWITH15.0.2^ORversionSTARTSWITH15.0.4', 'cmdb_ci_db_mssql_instance', 'cbf89d58-5054-28fa-2844-80698e3a5083', '{\"generic\": 0, \"vendorProductName\": \"SQL Server 2017 on Linux\"}', 1, 62, 'msft', now(), now()),
(350, 'SQL Server 2017 Web Linux', '', 'versionSTARTSWITH15.0.2^ORversionSTARTSWITH15.0.4', 'cmdb_ci_db_mssql_instance', 'af208649-856f-a0f6-95de-175816a019bd', '{\"generic\": 0, \"vendorProductName\": \"SQL Server 2017 on Linux\"}', 1, 62, 'msft', now(), now()),
(351, 'SQL Server 2017 Express Linux', '', 'versionSTARTSWITH15.0.2^ORversionSTARTSWITH15.0.4', 'cmdb_ci_db_mssql_instance', 'bd86b6cf-cb23-01d9-1b28-afac3fb98745', '{\"generic\": 0, \"vendorProductName\": \"SQL Server 2017 on Linux\"}', 1, 62, 'msft', now(), now()),
(352, 'SQL Server 2017 Standard Linux', '', 'versionSTARTSWITH15.0.2^ORversionSTARTSWITH15.0.4', 'cmdb_ci_db_mssql_instance', '25a57505-6d85-b922-5819-1468bf32107c', '{\"generic\": 0, \"vendorProductName\": \"SQL Server 2017 on Linux\"}', 1, 62, 'msft', now(), now()),
(353, 'SQL Server 2017 Enterprise Linux', '', 'versionSTARTSWITH15.0.2^ORversionSTARTSWITH15.0.4', 'cmdb_ci_db_mssql_instance', '666b4bba-7b85-68dd-9422-189b6974fac4', '{\"generic\": 0, \"vendorProductName\": \"SQL Server 2017 on Linux\"}', 1, 62, 'msft', now(), now()),
(354, 'SQL Server 2017 Enterprise Core Linux', '', 'versionSTARTSWITH15.0.2^ORversionSTARTSWITH15.0.4', 'cmdb_ci_db_mssql_instance', 'fc5e819a-5576-8464-fe06-f4f89ca9ae6d', '{\"generic\": 0, \"vendorProductName\": \"SQL Server 2017 on Linux\"}', 1, 62, 'msft', now(), now()),
(355, 'SQL Server 2019 on Linux', '', '', '', 'adb4217a-3eba-3a96-62ad-9da19012487e', '{\"generic\": 1, \"vendorProductName\": \"SQL Server 2019 on Linux\"}', 1, 6, 'msft', now(), now()),
(356, 'SQL Server Compact', '', '', '', 'd2bc673b-e37a-a9b6-7050-5dd21f5b1027', '{\"generic\": 1, \"vendorProductName\": \"SQL Server Compact\"}', 0, 63, 'msft', now(), now()),
(357, 'SQL Server Compact 4.0', '', '', '', 'e6d3804b-3f4b-c4b3-577e-99deeaa6fc1f', '{\"generic\": 0, \"vendorProductName\": \"SQL Server Compact\"}', 0, 63, 'msft', now(), now()),
(358, 'Windows Server 2019', '', '', '', 'c708728d-6751-a0a7-b7b9-43c1df094684', '{\"generic\": 0, \"vendorProductName\": \"Windows Server 2019\"}', 1, 64, 'msft', now(), now());
