{"format":2,"version":"5.5","globals":"04bb18a11de30a5e95da2e1133c12279","files":{"db_client_py":{"hash":"ff1e63704467566ac08c07c53719df71","index":{"nums":[1,108,4,16,0,0,0],"html_filename":"db_client_py.html","relative_filename":"db_client.py"}},"download_manager_py":{"hash":"fe9e4915718c4517b127964a92e5930f","index":{"nums":[1,41,0,1,0,0,0],"html_filename":"download_manager_py.html","relative_filename":"download_manager.py"}},"vendor_exceptions_py":{"hash":"e12552d909f96e6e034d62a8e1e27309","index":{"nums":[1,68,20,20,0,0,0],"html_filename":"vendor_exceptions_py.html","relative_filename":"vendor_exceptions.py"}},"vendor_netapp_api_client_py":{"hash":"96a540aca2cb92861376616eb410df02","index":{"nums":[1,253,12,24,0,0,0],"html_filename":"vendor_netapp_api_client_py.html","relative_filename":"vendor_netapp_api_client.py"}},"vendor_netapp_bug_service_py":{"hash":"dad8010d84b8153af072e541192615a2","index":{"nums":[1,189,13,23,0,0,0],"html_filename":"vendor_netapp_bug_service_py.html","relative_filename":"vendor_netapp_bug_service.py"}},"vendor_netapp_test_credentials_py":{"hash":"56da4f34eb8232e3c422bff7ae6e047d","index":{"nums":[1,64,8,9,0,0,0],"html_filename":"vendor_netapp_test_credentials_py.html","relative_filename":"vendor_netapp_test_credentials.py"}}}}